ID,Local_ID,Language_ID,Parameter_ID,Value,Form,Segments,Comment,Source,Cognacy,Loan
NaMeoTuyenQuang-1_one-1,,NaMeoTuyenQuang,1_one,tɕu⁵⁵,tɕu⁵⁵,tɕ u ⁵⁵,,Hsiu2015,,
NaMeoTuyenQuang-2_two-1,,NaMeoTuyenQuang,2_two,ɔ⁵³,ɔ⁵³,ɔ ⁵³,,Hsiu2015,,
Zhenmin-3_three-1,,Zhenmin,3_three,pe³³/1,pe³³,p e ³³,,Chen2013,,
NorthernQiandong-3_three-1,,NorthernQiandong,3_three,pi³³,pi³³,p i ³³,,Chen2013,,
WesternQiandong-3_three-1,,WesternQiandong,3_three,poi⁴⁴,poi⁴⁴,p oi ⁴⁴,,Chen2013,,
Baixing-3_three-1,,Baixing,3_three,pue⁴⁴/1,pue⁴⁴,p u e ⁴⁴,,Li2000,,
SouthernQiandong-3_three-1,,SouthernQiandong,3_three,pai¹³,pai¹³,p ai ¹³,,Chen2013,,
Datu-3_three-1,,Datu,3_three,pe²⁴/1,pe²⁴,p e ²⁴,,Li2000,,
Xiangao-3_three-1,,Xiangao,3_three,pei³³/1,pei³³,p e i ³³,,Li2000,,
NaMeoCaoBang-3_three-1,,NaMeoCaoBang,3_three,pɑi³³,pɑi³³,p ɑi ³³,,Edmondson2001,,
Yangpai-3_three-1,,Yangpai,3_three,pɑ³³/1,pɑ³³,p ɑ ³³,,Li2000,,
Guncen-3_three-1,,Guncen,3_three,pan1,pan1,p a n ¹,,Committee2008,,
EasternQiandong-3_three-1,,EasternQiandong,3_three,pɛ²⁴,pɛ²⁴,p ɛ ²⁴,,Chen2013,,
NaMeoTuyenQuang-3_three-1,,NaMeoTuyenQuang,3_three,pai⁵³,pai⁵³,p ai ⁵³,,Hsiu2015,,
Zhenmin-4_four-1,,Zhenmin,4_four,ɬɒ³³/1,ɬɒ³³,ɬ ɒ ³³,,Chen2013,,
NorthernQiandong-4_four-1,,NorthernQiandong,4_four,ɬo³³,ɬo³³,ɬ o ³³,,Chen2013,,
WesternQiandong-4_four-1,,WesternQiandong,4_four,ɬɔ⁴⁴,ɬɔ⁴⁴,ɬ ɔ ⁴⁴,,Chen2013,,
Baixing-4_four-1,,Baixing,4_four,ɬɔ⁴⁴/1,ɬɔ⁴⁴,ɬ ɔ ⁴⁴,,Li2000,,
SouthernQiandong-4_four-1,,SouthernQiandong,4_four,tɬɔ¹³,tɬɔ¹³,tɬ ɔ ¹³,,Chen2013,,
Datu-4_four-1,,Datu,4_four,ɬɑ²⁴/1,ɬɑ²⁴,ɬ ɑ ²⁴,,Li2000,,
Xiangao-4_four-1,,Xiangao,4_four,ɬau³³/1,ɬau³³,ɬ a u ³³,,Li2000,,
NaMeoCaoBang-4_four-1,,NaMeoCaoBang,4_four,ɬɔ³³,ɬɔ³³,ɬ ɔ ³³,,Edmondson2001,,
Yangpai-4_four-1,,Yangpai,4_four,ɬo³³/1,ɬo³³,ɬ o ³³,,Li2000,,
Guncen-4_four-1,,Guncen,4_four,ɬau1,ɬau1,ɬ a u ¹,,Committee2008,,
EasternQiandong-4_four-1,,EasternQiandong,4_four,so²⁴,so²⁴,s o ²⁴,,Chen2013,,
NaMeoTuyenQuang-4_four-1,,NaMeoTuyenQuang,4_four,tɬɔ⁵³,tɬɔ⁵³,tɬ ɔ ⁵³,,Hsiu2015,,
Zhenmin-5_five-1,,Zhenmin,5_five,tsi³³/1,tsi³³,ts i ³³,,Chen2013,,
NorthernQiandong-5_five-1,,NorthernQiandong,5_five,tsa³³,tsa³³,ts a ³³,,Chen2013,,
WesternQiandong-5_five-1,,WesternQiandong,5_five,pja⁴⁴,pja⁴⁴,p j a ⁴⁴,,Chen2013,,
Baixing-5_five-1,,Baixing,5_five,pja⁴⁴/1,pja⁴⁴,p j a ⁴⁴,,Li2000,,
SouthernQiandong-5_five-1,,SouthernQiandong,5_five,tɕi¹³,tɕi¹³,tɕ i ¹³,,Chen2013,,
Datu-5_five-1,,Datu,5_five,tsɑ²⁴/1,tsɑ²⁴,ts ɑ ²⁴,,Li2000,,
Xiangao-5_five-1,,Xiangao,5_five,tsi³³/1,tsi³³,ts i ³³,,Li2000,,
NaMeoCaoBang-5_five-1,,NaMeoCaoBang,5_five,tsei³³,tsei³³,ts e i ³³,,Edmondson2001,,
Yangpai-5_five-1,,Yangpai,5_five,tsɑ³³/1,tsɑ³³,ts ɑ ³³,,Li2000,,
Guncen-5_five-1,,Guncen,5_five,"tsəi1, tɕiu6",tsəi1,ts əi ¹,,Committee2008,,
EasternQiandong-5_five-1,,EasternQiandong,5_five,tsa²⁴,tsa²⁴,ts a ²⁴,,Chen2013,,
NaMeoTuyenQuang-5_five-1,,NaMeoTuyenQuang,5_five,tɕei⁵³,tɕei⁵³,tɕ e i ⁵³,,Hsiu2015,,
NaMeoTuyenQuang-6_six-1,,NaMeoTuyenQuang,6_six,tɯ³⁵,tɯ³⁵,t ɯ ³⁵,,Hsiu2015,,
Zhenmin-7_seven-1,,Zhenmin,7_seven,ɕɦoŋ²²/6,ɕɦoŋ²²,ɕ ɦ o ŋ ²²,,Chen2013,,
NorthernQiandong-7_seven-1,,NorthernQiandong,7_seven,ɕoŋ¹³,ɕoŋ¹³,ɕ o ŋ ¹³,,Chen2013,,
WesternQiandong-7_seven-1,,WesternQiandong,7_seven,ɕuŋ²²,ɕuŋ²²,ɕ u ŋ ²²,,Chen2013,,
Baixing-7_seven-1,,Baixing,7_seven,ɕoŋ⁴²/6,ɕoŋ⁴²,ɕ o ŋ ⁴²,,Li2000,,
SouthernQiandong-7_seven-1,,SouthernQiandong,7_seven,tsam²²,tsam²²,ts a m ²²,,Chen2013,,
Datu-7_seven-1,,Datu,7_seven,sɦoŋ¹²/6,sɦoŋ¹²,s ɦ o ŋ ¹²,,Li2000,,
Xiangao-7_seven-1,,Xiangao,7_seven,ɕoŋ⁵³/6,ɕoŋ⁵³,ɕ o ŋ ⁵³,,Li2000,,
NaMeoCaoBang-7_seven-1,,NaMeoCaoBang,7_seven,ɕɔŋ¹¹,ɕɔŋ¹¹,ɕ ɔ ŋ ¹¹,,Edmondson2001,,
Yangpai-7_seven-1,,Yangpai,7_seven,ɕɦoŋ²³/6,ɕɦoŋ²³,ɕ ɦ o ŋ ²³,,Li2000,,
Guncen-7_seven-1,,Guncen,7_seven,ɕioŋ6,ɕioŋ6,ɕ i o ŋ ⁶/¹³,,Committee2008,,
EasternQiandong-7_seven-1,,EasternQiandong,7_seven,ɕuŋ⁵³,ɕuŋ⁵³,ɕ u ŋ ⁵³,,Chen2013,,
NaMeoTuyenQuang-7_seven-1,,NaMeoTuyenQuang,7_seven,"tsʰauŋ³³, sʰɔŋ³³",tsʰauŋ³³,tsʰ a u ŋ ³³,,Hsiu2015,,
NaMeoTuyenQuang-8_eight-1,,NaMeoTuyenQuang,8_eight,zi³³,zi³³,z i ³³,,Hsiu2015,,
NaMeoTuyenQuang-9_nine-1,,NaMeoTuyenQuang,9_nine,tɕau⁵⁵,tɕau⁵⁵,tɕ a u ⁵⁵,,Hsiu2015,,
Zhenmin-10_ten-1,,Zhenmin,10_ten,tɕu²¹²/8,tɕu²¹²,tɕ u ²¹²,,Chen2013,,
NorthernQiandong-10_ten-1,,NorthernQiandong,10_ten,tɕu³¹,tɕu³¹,tɕ u ³¹,,Chen2013,,
WesternQiandong-10_ten-1,,WesternQiandong,10_ten,tɕu⁵³,tɕu⁵³,tɕ u ⁵³,,Chen2013,,
Baixing-10_ten-1,,Baixing,10_ten,tɕo⁵³/8,tɕo⁵³,tɕ o ⁵³,,Li2000,,
SouthernQiandong-10_ten-1,,SouthernQiandong,10_ten,tɕu²⁴,tɕu²⁴,tɕ u ²⁴,,Chen2013,,
Datu-10_ten-1,,Datu,10_ten,tɕu³⁵/8,tɕu³⁵,tɕ u ³⁵,,Li2000,,
Xiangao-10_ten-1,,Xiangao,10_ten,tɕu¹²/8,tɕu¹²,tɕ u ¹²,,Li2000,,
NaMeoCaoBang-10_ten-1,,NaMeoCaoBang,10_ten,tɕu³¹ʔ,tɕu³¹ʔ,tɕ u ³¹ + ʔ,,Edmondson2001,,
Yangpai-10_ten-1,,Yangpai,10_ten,tɕu⁵³/8,tɕu⁵³,tɕ u ⁵³,,Li2000,,
Guncen-10_ten-1,,Guncen,10_ten,tɕiu8,tɕiu8,tɕ i u ⁸/³¹,,Committee2008,,
EasternQiandong-10_ten-1,,EasternQiandong,10_ten,tɕeu¹³,tɕeu¹³,tɕ eu ¹³,,Chen2013,,
NaMeoTuyenQuang-10_ten-1,,NaMeoTuyenQuang,10_ten,tɕu³³,tɕu³³,tɕ u ³³,,Hsiu2015,,
NaMeoTuyenQuang-11_above-1,,NaMeoTuyenQuang,11_above,ke³³pai⁵³,ke³³pai⁵³,k e ³³ + p ai ⁵³,,Hsiu2015,,
NaMeoTuyenQuang-12_afternoon-1,,NaMeoTuyenQuang,12_afternoon,tioŋ⁵³tɕai³³,tioŋ⁵³tɕai³³,t i o ŋ ⁵³ + tɕ ai ³³,,Hsiu2015,,
NaMeoTuyenQuang-13_yousg-1,,NaMeoTuyenQuang,13_yousg,təi³³,təi³³,t əi ³³,,Hsiu2015,,
NaMeoTuyenQuang-14_he-1,,NaMeoTuyenQuang,14_he,va⁵³təi³³,va⁵³təi³³,v a ⁵³ + t əi ³³,,Hsiu2015,,
NaMeoTuyenQuang-15_ant-1,,NaMeoTuyenQuang,15_ant,kin³³phi⁵⁵,kin³³phi⁵⁵,k i n ³³ + pʰ i ⁵⁵,,Hsiu2015,,
NaMeoTuyenQuang-16_ash-1,,NaMeoTuyenQuang,16_ash,paʔ⁵³,paʔ⁵³,p a ʔ ⁵³,,Hsiu2015,,
NaMeoTuyenQuang-17_autonym-1,,NaMeoTuyenQuang,17_autonym,[na⁵⁵]mjau³⁵ɬa⁵³,mjau³⁵ɬa⁵³,m j a u ³⁵ + ɬ a ⁵³,,Hsiu2015,,
NaMeoTuyenQuang-18_back-1,,NaMeoTuyenQuang,18_back,kuə³³tu⁵³,kuə³³tu⁵³,k u ə ³³ + t u ⁵³,,Hsiu2015,,
NaMeoTuyenQuang-19_bamboo-1,,NaMeoTuyenQuang,19_bamboo,təu³⁵tan³³,təu³⁵tan³³,t əu ³⁵ + t a n ³³,,Hsiu2015,,
NaMeoTuyenQuang-20_banana-1,,NaMeoTuyenQuang,20_banana,tɕei⁵⁵tɕɔ⁵³,tɕei⁵⁵tɕɔ⁵³,tɕ e i ⁵⁵ + tɕ ɔ ⁵³,,Hsiu2015,,
NaMeoTuyenQuang-21_basket-1,,NaMeoTuyenQuang,21_basket,la³³luɔŋ⁵³,la³³luɔŋ⁵³,l a ³³ + l u ɔ ŋ ⁵³,,Hsiu2015,,
NaMeoTuyenQuang-22_bat-1,,NaMeoTuyenQuang,22_bat,ta³³kɔ¹¹,ta³³kɔ¹¹,t a ³³ + k ɔ ¹¹,,Hsiu2015,,
Zhenmin-23_bean-1,,Zhenmin,23_bean,to²¹²/8,to²¹²,t o ²¹²,,Chen2013,,
NorthernQiandong-23_bean-1,,NorthernQiandong,23_bean,tə³¹,tə³¹,t ə ³¹,,Chen2013,,
WesternQiandong-23_bean-1,,WesternQiandong,23_bean,pua¹³teu⁵³,pua¹³teu⁵³,p u a ¹³ t eu ⁵³,,Chen2013,,
Baixing-23_bean-1,,Baixing,23_bean,tɤu⁵³/8,tɤu⁵³,t ɤ u ⁵³,,Li2000,,
SouthernQiandong-23_bean-1,,SouthernQiandong,23_bean,neu³⁵,neu³⁵,n eu ³⁵,,Chen2013,,
Datu-23_bean-1,,Datu,23_bean,tɑu³⁵/8,tɑu³⁵,t ɑ u ³⁵,,Li2000,,
Xiangao-23_bean-1,,Xiangao,23_bean,tɑu¹²/8,tɑu¹²,t ɑ u ¹²,,Li2000,,
NaMeoCaoBang-23_bean-1,,NaMeoCaoBang,23_bean,tɔʔ³¹,tɔʔ³¹,t ɔ ʔ ³¹,,Edmondson2001,,
Yangpai-23_bean-1,,Yangpai,23_bean,tu⁵³/8,tu⁵³,t u ⁵³,,Li2000,,
Guncen-23_bean-1,,Guncen,23_bean,tou8,tou8,t ou ⁸/³¹,,Committee2008,,
EasternQiandong-23_bean-1,,EasternQiandong,23_bean,teu¹³,teu¹³,t eu ¹³,,Chen2013,,
NaMeoTuyenQuang-23_bean-1,,NaMeoTuyenQuang,23_bean,taɯ³³,taɯ³³,t a ɯ ³³,,Hsiu2015,,
NaMeoTuyenQuang-24_bear-1,,NaMeoTuyenQuang,24_bear,ta³³ɬɛ³⁵,ta³³ɬɛ³⁵,t a ³³ + ɬ ɛ ³⁵,,Hsiu2015,,
NaMeoTuyenQuang-25_bed-1,,NaMeoTuyenQuang,25_bed,la³³zɯəŋ⁵³,la³³zɯəŋ⁵³,l a ³³ + z ɯ ə ŋ ⁵³,,Hsiu2015,,
NaMeoTuyenQuang-26_bee-1,,NaMeoTuyenQuang,26_bee,kin³³tɕa³³,kin³³tɕa³³,k i n ³³ + tɕ a ³³,,Hsiu2015,,
NaMeoTuyenQuang-27_belly-1,,NaMeoTuyenQuang,27_belly,təu⁵³,təu⁵³,t əu ⁵³,,Hsiu2015,,
NaMeoTuyenQuang-28_below-1,,NaMeoTuyenQuang,28_below,kue³⁵tai⁵³,kue³⁵tai⁵³,k u e ³⁵ + t ai ⁵³,,Hsiu2015,,
NaMeoTuyenQuang-29_big-1,,NaMeoTuyenQuang,29_big,ljəu³²,ljəu³²,l j əu ³²,,Hsiu2015,,
Zhenmin-30_bird-1,,Zhenmin,30_bird,nu²²/6,nu²²,n u ²²,,Chen2013,,
NorthernQiandong-30_bird-1,,NorthernQiandong,30_bird,nə¹³,nə¹³,n ə ¹³,,Chen2013,,
WesternQiandong-30_bird-1,,WesternQiandong,30_bird,neu²²,neu²²,n eu ²²,,Chen2013,,
Baixing-30_bird-1,,Baixing,30_bird,nɤu⁴²/6,nɤu⁴²,n ɤ u ⁴²,,Li2000,,
SouthernQiandong-30_bird-1,,SouthernQiandong,30_bird,neu²²,neu²²,n eu ²²,,Chen2013,,
Datu-30_bird-1,,Datu,30_bird,nai¹²/6,nai¹²,n ai ¹²,,Li2000,,
Xiangao-30_bird-1,,Xiangao,30_bird,no⁵³/6,no⁵³,n o ⁵³,,Li2000,,
NaMeoCaoBang-30_bird-1,,NaMeoCaoBang,30_bird,"no³¹, nau³¹",no³¹,n o ³¹,,Edmondson2001,,
Yangpai-30_bird-1,,Yangpai,30_bird,nɑu²³/6,nɑu²³,n ɑ u ²³,,Li2000,,
Guncen-30_bird-1,,Guncen,30_bird,nou6,nou6,n ou ⁶/¹³,,Committee2008,,
EasternQiandong-30_bird-1,,EasternQiandong,30_bird,neu⁵³,neu⁵³,n eu ⁵³,,Chen2013,,
NaMeoTuyenQuang-30_bird-1,,NaMeoTuyenQuang,30_bird,nəu³³,nəu³³,n əu ³³,,Hsiu2015,,
NaMeoTuyenQuang-31_bite-1,,NaMeoTuyenQuang,31_bite,kui³⁵,kui³⁵,k u i ³⁵,,Hsiu2015,,
NaMeoTuyenQuang-32_bitter-1,,NaMeoTuyenQuang,32_bitter,aŋ³³,aŋ³³,a ŋ ³³,,Hsiu2015,,
Zhenmin-33_black-1,,Zhenmin,33_black,ɬɑ³³/1,ɬɑ³³,ɬ ɑ ³³,,Chen2013,,
NorthernQiandong-33_black-1,,NorthernQiandong,33_black,ɬɛ³³,ɬɛ³³,ɬ ɛ ³³,,Chen2013,,
WesternQiandong-33_black-1,,WesternQiandong,33_black,ɬuŋ²²,ɬuŋ²²,ɬ u ŋ ²²,,Chen2013,,
Baixing-33_black-1,,Baixing,33_black,ɬoŋ⁴⁴/1,ɬoŋ⁴⁴,ɬ o ŋ ⁴⁴,,Li2000,,
SouthernQiandong-33_black-1,,SouthernQiandong,33_black,qɛ³⁵,qɛ³⁵,q ɛ ³⁵,,Chen2013,,
Datu-33_black-1,,Datu,33_black,ɬeŋ²⁴/1,ɬeŋ²⁴,ɬ e ŋ ²⁴,,Li2000,,
Xiangao-33_black-1,,Xiangao,33_black,ɬa³³/1,ɬa³³,ɬ a ³³,,Li2000,,
NaMeoCaoBang-33_black-1,,NaMeoCaoBang,33_black,ɬjɑ³¹,ɬjɑ³¹,ɬ j ɑ ³¹,,Edmondson2001,,
Yangpai-33_black-1,,Yangpai,33_black,ɬɛ³³/1,ɬɛ³³,ɬ ɛ ³³,,Li2000,,
EasternQiandong-33_black-1,,EasternQiandong,33_black,sei²⁴,sei²⁴,s e i ²⁴,,Chen2013,,
NaMeoTuyenQuang-33_black-1,,NaMeoTuyenQuang,33_black,ɬa⁵³,ɬa⁵³,ɬ a ⁵³,,Hsiu2015,,
NaMeoTuyenQuang-34_blackhmongautonym-1,,NaMeoTuyenQuang,34_blackhmongautonym,na⁵⁵mjau³⁵ɬa⁵³,na⁵⁵mjau³⁵ɬa⁵³,n a ⁵⁵ + m j a u ³⁵ + ɬ a ⁵³,,Hsiu2015,,
NaMeoTuyenQuang-35_blind-1,,NaMeoTuyenQuang,35_blind,ɬauŋ³³,ɬauŋ³³,ɬ a u ŋ ³³,,Hsiu2015,,
Zhenmin-36_blood-1,,Zhenmin,36_blood,ɕeŋ³⁵/3,ɕeŋ³⁵,ɕ e ŋ ³⁵,,Chen2013,,
NorthernQiandong-36_blood-1,,NorthernQiandong,36_blood,ɕʰaŋ³⁵,ɕʰaŋ³⁵,ɕʰ a ŋ ³⁵,,Chen2013,,
WesternQiandong-36_blood-1,,WesternQiandong,36_blood,ɕʰe¹³,ɕʰe¹³,ɕʰ e ¹³,,Chen2013,,
Baixing-36_blood-1,,Baixing,36_blood,ɕʰɛ¹³/3,ɕʰɛ¹³,ɕʰ ɛ ¹³,,Li2000,,
SouthernQiandong-36_blood-1,,SouthernQiandong,36_blood,sam⁵³,sam⁵³,s a m ⁵³,,Chen2013,,
Datu-36_blood-1,,Datu,36_blood,sʰɑŋ³³/3,sʰɑŋ³³,sʰ ɑ ŋ ³³,,Li2000,,
Xiangao-36_blood-1,,Xiangao,36_blood,ɕan²²/3,ɕan²²,ɕ a n ²²,,Li2000,,
NaMeoCaoBang-36_blood-1,,NaMeoCaoBang,36_blood,ɕin³⁵,ɕin³⁵,ɕ i n ³⁵,,Edmondson2001,,
Yangpai-36_blood-1,,Yangpai,36_blood,ɕe⁴⁴/3,ɕe⁴⁴,ɕ e ⁴⁴,,Li2000,,
Guncen-36_blood-1,,Guncen,36_blood,ɕiŋ3,ɕiŋ3,ɕ i ŋ ³,,Committee2008,,
EasternQiandong-36_blood-1,,EasternQiandong,36_blood,ɕan³³,ɕan³³,ɕ a n ³³,,Chen2013,,
NaMeoTuyenQuang-36_blood-1,,NaMeoTuyenQuang,36_blood,sʰiŋ³³,sʰiŋ³³,sʰ i ŋ ³³,,Hsiu2015,,
NaMeoTuyenQuang-37_blunt-1,,NaMeoTuyenQuang,37_blunt,ləɯ⁵⁵,ləɯ⁵⁵,l ə ɯ ⁵⁵,,Hsiu2015,,
NaMeoTuyenQuang-38_boat-1,,NaMeoTuyenQuang,38_boat,la³³pai¹¹,la³³pai¹¹,l a ³³ + p ai ¹¹,,Hsiu2015,,
Zhenmin-39_bone-1,,Zhenmin,39_bone,soŋ³⁵/3,soŋ³⁵,s o ŋ ³⁵,,Chen2013,,
NorthernQiandong-39_bone-1,,NorthernQiandong,39_bone,po³⁵sʰoŋ³⁵,po³⁵sʰoŋ³⁵,p o ³⁵ + sʰ o ŋ ³⁵,,Chen2013,,
WesternQiandong-39_bone-1,,WesternQiandong,39_bone,sʰuŋ¹³,sʰuŋ¹³,sʰ u ŋ ¹³,,Chen2013,,
Baixing-39_bone-1,,Baixing,39_bone,sʰoŋ¹³/3,sʰoŋ¹³,sʰ o ŋ ¹³,,Li2000,,
SouthernQiandong-39_bone-1,,SouthernQiandong,39_bone,sam⁵³,sam⁵³,s a m ⁵³,,Chen2013,,
Datu-39_bone-1,,Datu,39_bone,soŋ³³/3,soŋ³³,s o ŋ ³³,,Li2000,,
Xiangao-39_bone-1,,Xiangao,39_bone,soŋ²²/3,soŋ²²,s o ŋ ²²,,Li2000,,
NaMeoCaoBang-39_bone-1,,NaMeoCaoBang,39_bone,"tsəi³¹, soŋ³⁵",tsəi³¹,ts əi ³¹,,Edmondson2001,,
Yangpai-39_bone-1,,Yangpai,39_bone,soŋ⁴⁴/3,soŋ⁴⁴,s o ŋ ⁴⁴,,Li2000,,
Guncen-39_bone-1,,Guncen,39_bone,soŋ3,soŋ3,s o ŋ ³,,Committee2008,,
EasternQiandong-39_bone-1,,EasternQiandong,39_bone,suŋ³³,suŋ³³,s u ŋ ³³,,Chen2013,,
NaMeoTuyenQuang-39_bone-1,,NaMeoTuyenQuang,39_bone,sʰoŋ³³,sʰoŋ³³,sʰ o ŋ ³³,,Hsiu2015,,
NaMeoTuyenQuang-40_bowl-1,,NaMeoTuyenQuang,40_bowl,la³³sa¹¹,la³³sa¹¹,l a ³³ + s a ¹¹,,Hsiu2015,,
NaMeoTuyenQuang-41_brain-1,,NaMeoTuyenQuang,41_brain,lui³³,lui³³,l u i ³³,,Hsiu2015,,
NaMeoTuyenQuang-42_breast-1,,NaMeoTuyenQuang,42_breast,qaŋ⁵³,qaŋ⁵³,q a ŋ ⁵³,,Hsiu2015,,
NaMeoTuyenQuang-43_breathe-1,,NaMeoTuyenQuang,43_breathe,təu³³pɔŋ³⁵,təu³³pɔŋ³⁵,t əu ³³ + p ɔ ŋ ³⁵,,Hsiu2015,,
NaMeoTuyenQuang-44_buffalowater-1,,NaMeoTuyenQuang,44_buffalowater,tai³³ȵi⁵⁵,tai³³ȵi⁵⁵,t ai ³³ + ȵ i ⁵⁵,,Hsiu2015,,
NaMeoTuyenQuang-45_burn-1,,NaMeoTuyenQuang,45_burn,tɕi³³,tɕi³³,tɕ i ³³,,Hsiu2015,,
NaMeoTuyenQuang-46_bury-1,,NaMeoTuyenQuang,46_bury,pau³³,pau³³,p a u ³³,,Hsiu2015,,
NaMeoTuyenQuang-47_butterfly-1,,NaMeoTuyenQuang,47_butterfly,kin³³ku⁵⁵lu³³,kin³³ku⁵⁵lu³³,k i n ³³ + k u ⁵⁵ + l u ³³,,Hsiu2015,,
NaMeoTuyenQuang-48_buy-1,,NaMeoTuyenQuang,48_buy,mi³³,mi³³,m i ³³,,Hsiu2015,,
NaMeoTuyenQuang-49_cat-1,,NaMeoTuyenQuang,49_cat,ta³³mjau³⁵,ta³³mjau³⁵,t a ³³ + m j a u ³⁵,,Hsiu2015,,
NaMeoTuyenQuang-50_cattlecow-1,,NaMeoTuyenQuang,50_cattlecow,ljɔ³³,ljɔ³³,l j ɔ ³³,,Hsiu2015,,
NaMeoTuyenQuang-51_cave-1,,NaMeoTuyenQuang,51_cave,khaŋ³³,khaŋ³³,kʰ a ŋ ³³,,Hsiu2015,,
NaMeoTuyenQuang-52_centipede-1,,NaMeoTuyenQuang,52_centipede,kin³³khu³⁵,kin³³khu³⁵,k i n ³³ + kʰ u ³⁵,,Hsiu2015,,
NaMeoTuyenQuang-53_chair-1,,NaMeoTuyenQuang,53_chair,la³³puŋ¹¹,la³³puŋ¹¹,l a ³³ + p u ŋ ¹¹,,Hsiu2015,,
NaMeoTuyenQuang-54_charcoal-1,,NaMeoTuyenQuang,54_charcoal,ŋe³³tɔ⁵³,ŋe³³tɔ⁵³,ŋ e ³³ + t ɔ ⁵³,,Hsiu2015,,
NaMeoTuyenQuang-55_cheek-1,,NaMeoTuyenQuang,55_cheek,maŋ⁵³ma³³,maŋ⁵³ma³³,m a ŋ ⁵³ + m a ³³,,Hsiu2015,,
NaMeoTuyenQuang-56_chew-1,,NaMeoTuyenQuang,56_chew,tɕa³⁵,tɕa³⁵,tɕ a ³⁵,,Hsiu2015,,
Zhenmin-57_chicken-1,,Zhenmin,57_chicken,qa³³/1,qa³³,q a ³³,,Chen2013,,
NorthernQiandong-57_chicken-1,,NorthernQiandong,57_chicken,qei³³,qei³³,q e i ³³,,Chen2013,,
WesternQiandong-57_chicken-1,,WesternQiandong,57_chicken,qæ⁴⁴,qæ⁴⁴,q æ ⁴⁴,,Chen2013,,
Baixing-57_chicken-1,,Baixing,57_chicken,qe⁴⁴/1,qe⁴⁴,q e ⁴⁴,,Li2000,,
SouthernQiandong-57_chicken-1,,SouthernQiandong,57_chicken,qa¹³,qa¹³,q a ¹³,,Chen2013,,
Datu-57_chicken-1,,Datu,57_chicken,qɑ²⁴/1,qɑ²⁴,q ɑ ²⁴,,Li2000,,
Xiangao-57_chicken-1,,Xiangao,57_chicken,qe³³/1,qe³³,q e ³³,,Li2000,,
NaMeoCaoBang-57_chicken-1,,NaMeoCaoBang,57_chicken,tɑ²¹qɛ³³,tɑ²¹qɛ³³,t ɑ ²¹ q ɛ ³³,,Edmondson2001,,
Yangpai-57_chicken-1,,Yangpai,57_chicken,qei³³/1,qei³³,q e i ³³,,Li2000,,
Guncen-57_chicken-1,,Guncen,57_chicken,qɛ1,qɛ1,q ɛ ¹,,Committee2008,,
EasternQiandong-57_chicken-1,,EasternQiandong,57_chicken,qa²⁴,qa²⁴,q a ²⁴,,Chen2013,,
NaMeoTuyenQuang-57_chicken-1,,NaMeoTuyenQuang,57_chicken,qai⁵³,qai⁵³,q ai ⁵³,,Hsiu2015,,
NaMeoTuyenQuang-58_child-1,,NaMeoTuyenQuang,58_child,ta³²,ta³²,t a ³²,,Hsiu2015,,
NaMeoTuyenQuang-59_chilipepper-1,,NaMeoTuyenQuang,59_chilipepper,xɔŋ¹¹,xɔŋ¹¹,x ɔ ŋ ¹¹,,Hsiu2015,,
NaMeoTuyenQuang-60_chopstick-1,,NaMeoTuyenQuang,60_chopstick,djɔ³³,djɔ³³,d j ɔ ³³,,Hsiu2015,,
NaMeoTuyenQuang-61_citrusfruit-1,,NaMeoTuyenQuang,61_citrusfruit,nu³²tɕei⁵⁵kam⁵⁵,nu³²tɕei⁵⁵kam⁵⁵,n u ³² tɕ e i ⁵⁵ + k a m ⁵⁵,,Hsiu2015,,
NaMeoTuyenQuang-62_clean-1,,NaMeoTuyenQuang,62_clean,tɕu³³,tɕu³³,tɕ u ³³,,Hsiu2015,,
NaMeoTuyenQuang-63_closeto-1,,NaMeoTuyenQuang,63_closeto,sʰɔ³⁵,sʰɔ³⁵,sʰ ɔ ³⁵,,Hsiu2015,,
NaMeoTuyenQuang-64_cloud-1,,NaMeoTuyenQuang,64_cloud,təu³³ʔu³⁵,təu³³ʔu³⁵,t əu ³³ + ʔ u ³⁵,,Hsiu2015,,
NaMeoTuyenQuang-65_coin-1,,NaMeoTuyenQuang,65_coin,laŋ⁵³sʰaŋ⁵⁵,laŋ⁵³sʰaŋ⁵⁵,l a ŋ ⁵³ + sʰ a ŋ ⁵⁵,,Hsiu2015,,
NaMeoTuyenQuang-66_coldadj-1,,NaMeoTuyenQuang,66_coldadj,saŋ⁵³,saŋ⁵³,s a ŋ ⁵³,,Hsiu2015,,
Zhenmin-67_copper-1,,Zhenmin,67_copper,tu⁵³/2,tu⁵³,t u ⁵³,,Chen2013,,
Baixing-67_copper-1,,Baixing,67_copper,toŋ⁵⁵/2,toŋ⁵⁵,t o ŋ ⁵⁵,,Li2000,,
Datu-67_copper-1,,Datu,67_copper,tai²²/2,tai²²,t ai ²²,,Li2000,,
Xiangao-67_copper-1,,Xiangao,67_copper,to⁴²/2,to⁴²,t o ⁴²,,Li2000,,
Yangpai-67_copper-1,,Yangpai,67_copper,tɑu⁵⁵/2,tɑu⁵⁵,t ɑ u ⁵⁵,,Li2000,,
NaMeoTuyenQuang-67_copper-1,,NaMeoTuyenQuang,67_copper,taɯ⁵⁵,taɯ⁵⁵,t a ɯ ⁵⁵,,Hsiu2015,,
NaMeoTuyenQuang-68_corn-1,,NaMeoTuyenQuang,68_corn,ȵa³³tjəu⁵³,ȵa³³tjəu⁵³,ȵ a ³³ + t j əu ⁵³,,Hsiu2015,,
NaMeoTuyenQuang-69_coughto-1,,NaMeoTuyenQuang,69_coughto,khai³³khɔ³⁵,khai³³khɔ³⁵,kʰ ai ³³ + kʰ ɔ ³⁵,,Hsiu2015,,
NaMeoTuyenQuang-70_coverto-1,,NaMeoTuyenQuang,70_coverto,taɯ³⁵,taɯ³⁵,t a ɯ ³⁵,,Hsiu2015,,
NaMeoTuyenQuang-71_crossbow-1,,NaMeoTuyenQuang,71_crossbow,nei³³tai³⁵,nei³³tai³⁵,n e i ³³ + t ai ³⁵,,Hsiu2015,,
NaMeoTuyenQuang-72_crowbird-1,,NaMeoTuyenQuang,72_crowbird,ta⁵³ɬaŋ³³,ta⁵³ɬaŋ³³,t a ⁵³ + ɬ a ŋ ³³,,Hsiu2015,,
NaMeoTuyenQuang-73_cryto-1,,NaMeoTuyenQuang,73_cryto,qi⁵⁵,qi⁵⁵,q i ⁵⁵,,Hsiu2015,,
NaMeoTuyenQuang-74_cutto-1,,NaMeoTuyenQuang,74_cutto,qai³⁵,qai³⁵,q ai ³⁵,,Hsiu2015,,
NaMeoTuyenQuang-75_dark-1,,NaMeoTuyenQuang,75_dark,ɬa³³khai⁵⁵,ɬa³³khai⁵⁵,ɬ a ³³ + kʰ ai ⁵⁵,,Hsiu2015,,
Zhenmin-76_daughter-1,,Zhenmin,76_daughter,pa²⁴/7,pa²⁴,p a ²⁴,,Chen2013,,
Baixing-76_daughter-1,,Baixing,76_daughter,pʰe²²/7,pʰe²²,pʰ e ²²,,Li2000,,
Datu-76_daughter-1,,Datu,76_daughter,pʰɑ²⁴/1,pʰɑ²⁴,pʰ ɑ ²⁴,,Li2000,,
Xiangao-76_daughter-1,,Xiangao,76_daughter,pʰe²⁴/7,pʰe²⁴,pʰ e ²⁴,,Li2000,,
Guncen-76_daughter-1,,Guncen,76_daughter,ta1ʑiu5,ta1ʑiu5,t a ¹ + ʑ i u ⁵,,Committee2008,,
NaMeoTuyenQuang-76_daughter-1,,NaMeoTuyenQuang,76_daughter,ta⁵³phai³⁵,ta⁵³phai³⁵,t a ⁵³ + pʰ ai ³⁵,,Hsiu2015,,
NaMeoTuyenQuang-77_day-1,,NaMeoTuyenQuang,77_day,na⁵³,na⁵³,n a ⁵³,,Hsiu2015,,
Zhenmin-78_deaf-1,,Zhenmin,78_deaf,ɬjoŋ⁵³/2,ɬjoŋ⁵³,ɬ j o ŋ ⁵³,,Chen2013,,
NorthernQiandong-78_deaf-1,,NorthernQiandong,78_deaf,ɬoŋ⁵⁵,ɬoŋ⁵⁵,ɬ o ŋ ⁵⁵,,Chen2013,,
WesternQiandong-78_deaf-1,,WesternQiandong,78_deaf,ɬuŋ⁵⁵,ɬuŋ⁵⁵,ɬ u ŋ ⁵⁵,,Chen2013,,
Baixing-78_deaf-1,,Baixing,78_deaf,ɬoŋ⁵⁵/2,ɬoŋ⁵⁵,ɬ o ŋ ⁵⁵,,Li2000,,
SouthernQiandong-78_deaf-1,,SouthernQiandong,78_deaf,tɬam³¹,tɬam³¹,tɬ a m ³¹,,Chen2013,,
Datu-78_deaf-1,,Datu,78_deaf,ɬjoŋ²²/2,ɬjoŋ²²,ɬ j o ŋ ²²,,Li2000,,
Xiangao-78_deaf-1,,Xiangao,78_deaf,ɬjoŋ⁴²/2,ɬjoŋ⁴²,ɬ j o ŋ ⁴²,,Li2000,,
Yangpai-78_deaf-1,,Yangpai,78_deaf,ɬjoŋ⁵⁵/2,ɬjoŋ⁵⁵,ɬ j o ŋ ⁵⁵,,Li2000,,
Guncen-78_deaf-1,,Guncen,78_deaf,ɬoŋ2,ɬoŋ2,ɬ o ŋ ²,,Committee2008,,
EasternQiandong-78_deaf-1,,EasternQiandong,78_deaf,leŋ²⁴,leŋ²⁴,l e ŋ ²⁴,,Chen2013,,
NaMeoTuyenQuang-78_deaf-1,,NaMeoTuyenQuang,78_deaf,ɬoŋ⁵⁵,ɬoŋ⁵⁵,ɬ o ŋ ⁵⁵,,Hsiu2015,,
NaMeoTuyenQuang-79_deer-1,,NaMeoTuyenQuang,79_deer,ta³³sau⁵³,ta³³sau⁵³,t a ³³ + s a u ⁵³,,Hsiu2015,,
NaMeoTuyenQuang-80_dew-1,,NaMeoTuyenQuang,80_dew,taɯ³³ʔu³⁵,taɯ³³ʔu³⁵,t a ɯ ³³ + ʔ u ³⁵,,Hsiu2015,,
NaMeoTuyenQuang-81_die-1,,NaMeoTuyenQuang,81_die,ta³³,ta³³,t a ³³,,Hsiu2015,,
NaMeoTuyenQuang-82_dig-1,,NaMeoTuyenQuang,82_dig,qɔŋ³⁵,qɔŋ³⁵,q ɔ ŋ ³⁵,,Hsiu2015,,
NaMeoTuyenQuang-83_dirty-1,,NaMeoTuyenQuang,83_dirty,u³³tɕhui⁵³,u³³tɕhui⁵³,u ³³ + tɕ h u i ⁵³,,Hsiu2015,,
NaMeoTuyenQuang-84_dog-1,,NaMeoTuyenQuang,84_dog,ɬai³³,ɬai³³,ɬ ai ³³,,Hsiu2015,,
NaMeoTuyenQuang-85_door-1,,NaMeoTuyenQuang,85_door,pu³³tu⁵⁵,pu³³tu⁵⁵,p u ³³ + t u ⁵⁵,,Hsiu2015,,
NaMeoTuyenQuang-86_dove-1,,NaMeoTuyenQuang,86_dove,nəu³³kau⁵⁵,nəu³³kau⁵⁵,n əu ³³ + k a u ⁵⁵,,Hsiu2015,,
NaMeoTuyenQuang-87_dream-1,,NaMeoTuyenQuang,87_dream,ɬin³³pu³⁵,ɬin³³pu³⁵,ɬ i n ³³ + p u ³⁵,,Hsiu2015,,
NaMeoTuyenQuang-88_drinkwater-1,,NaMeoTuyenQuang,88_drinkwater,həu³³ʔu⁵³,həu³³ʔu⁵³,h əu ³³ + ʔ u ⁵³,,Hsiu2015,,
NaMeoTuyenQuang-89_dry-1,,NaMeoTuyenQuang,89_dry,qaŋ³⁵,qaŋ³⁵,q a ŋ ³⁵,,Hsiu2015,,
NaMeoTuyenQuang-90_duck-1,,NaMeoTuyenQuang,90_duck,ta³³ʔau³⁵,ta³³ʔau³⁵,t a ³³ + ʔ a u ³⁵,,Hsiu2015,,
NaMeoTuyenQuang-91_dust-1,,NaMeoTuyenQuang,91_dust,phuŋ³⁵,phuŋ³⁵,pʰ u ŋ ³⁵,,Hsiu2015,,
Zhenmin-92_ear-1,,Zhenmin,92_ear,nze⁵³/2,nze⁵³,n z e ⁵³,,Chen2013,,
NorthernQiandong-92_ear-1,,NorthernQiandong,92_ear,qa³³zɛ⁵⁵,qa³³zɛ⁵⁵,q a ³³ + z ɛ ⁵⁵,,Chen2013,,
WesternQiandong-92_ear-1,,WesternQiandong,92_ear,pei¹³me⁵⁵,pei¹³me⁵⁵,p e i ¹³ m e ⁵⁵,,Chen2013,,
Baixing-92_ear-1,,Baixing,92_ear,mei⁵⁵/2,mei⁵⁵,m e i ⁵⁵,,Li2000,,
SouthernQiandong-92_ear-1,,SouthernQiandong,92_ear,ȵei³¹,ȵei³¹,ȵ e i ³¹,,Chen2013,,
Datu-92_ear-1,,Datu,92_ear,nze²²/2,nze²²,n z e ²²,,Li2000,,
Xiangao-92_ear-1,,Xiangao,92_ear,ȵe⁴²/2,ȵe⁴²,ȵ e ⁴²,,Li2000,,
NaMeoCaoBang-92_ear-1,,NaMeoCaoBang,92_ear,ŋɑi³⁵,ŋɑi³⁵,ŋ ɑi ³⁵,,Edmondson2001,,
Yangpai-92_ear-1,,Yangpai,92_ear,nzɑ⁵⁵/2,nzɑ⁵⁵,n z ɑ ⁵⁵,,Li2000,,
Guncen-92_ear-1,,Guncen,92_ear,qʰaŋ3ȵai2,qʰaŋ3ȵai2,qʰ a ŋ ³ + ȵ ai ²,,Committee2008,,
EasternQiandong-92_ear-1,,EasternQiandong,92_ear,qa³³njei²²,qa³³njei²²,q a ³³ + n j e i ²²,,Chen2013,,
NaMeoTuyenQuang-92_ear-1,,NaMeoTuyenQuang,92_ear,qhaŋ³³ȵai⁵⁵,qhaŋ³³ȵai⁵⁵,qʰ a ŋ ³³ + ȵ ai ⁵⁵,,Hsiu2015,,
NaMeoTuyenQuang-93_eat-1,,NaMeoTuyenQuang,93_eat,nəu⁵⁵,nəu⁵⁵,n əu ⁵⁵,,Hsiu2015,,
NaMeoTuyenQuang-94_eatrice-1,,NaMeoTuyenQuang,94_eatrice,nəu⁵⁵ȵa¹¹,nəu⁵⁵ȵa¹¹,n əu ⁵⁵ + ȵ a ¹¹,,Hsiu2015,,
Zhenmin-95_egg-1,,Zhenmin,95_egg,ke⁴⁴/5,ke⁴⁴,k e ⁴⁴,,Chen2013,,
NorthernQiandong-95_egg-1,,NorthernQiandong,95_egg,ki⁴⁴,ki⁴⁴,k i ⁴⁴,,Chen2013,,
WesternQiandong-95_egg-1,,WesternQiandong,95_egg,ki³³,ki³³,k i ³³,,Chen2013,,
Baixing-95_egg-1,,Baixing,95_egg,ki³³/5,ki³³,k i ³³,,Li2000,,
SouthernQiandong-95_egg-1,,SouthernQiandong,95_egg,kei⁴⁴,kei⁴⁴,k e i ⁴⁴,,Chen2013,,
Datu-95_egg-1,,Datu,95_egg,ke⁴⁴/5,ke⁴⁴,k e ⁴⁴,,Li2000,,
Xiangao-95_egg-1,,Xiangao,95_egg,kei³⁵/5,kei³⁵,k e i ³⁵,,Li2000,,
NaMeoCaoBang-95_egg-1,,NaMeoCaoBang,95_egg,lɑ³³qe³³,lɑ³³qe³³,l ɑ ³³ + q e ³³,,Edmondson2001,,
Yangpai-95_egg-1,,Yangpai,95_egg,ki²¹/5,ki²¹,k i ²¹,,Li2000,,
EasternQiandong-95_egg-1,,EasternQiandong,95_egg,kei⁴⁴,kei⁴⁴,k e i ⁴⁴,,Chen2013,,
NaMeoTuyenQuang-95_egg-1,,NaMeoTuyenQuang,95_egg,qei³⁵,qei³⁵,q e i ³⁵,,Hsiu2015,,
NaMeoTuyenQuang-96_elbow-1,,NaMeoTuyenQuang,96_elbow,ɣəu⁵³pai⁵³,ɣəu⁵³pai⁵³,ɣ əu ⁵³ + p ai ⁵³,,Hsiu2015,,
NaMeoTuyenQuang-97_embers-1,,NaMeoTuyenQuang,97_embers,[ŋɛ¹¹]tɔ⁵³tɕhin³⁵,tɔ⁵³tɕhin³⁵,t ɔ ⁵³ + tɕ h i n ³⁵,,Hsiu2015,,
Zhenmin-98_evening-1,,Zhenmin,98_evening,mɑŋ⁴⁴/5,mɑŋ⁴⁴,m ɑ ŋ ⁴⁴,,Chen2013,,
NorthernQiandong-98_evening-1,,NorthernQiandong,98_evening,ɕʰi³³m̥ aŋ⁴⁴,ɕʰi³³m̥ aŋ⁴⁴,ɕʰ i ³³ + m̥ + a ŋ ⁴⁴,,Chen2013,,
WesternQiandong-98_evening-1,,WesternQiandong,98_evening,ʑi³³maŋ³³,ʑi³³maŋ³³,ʑ i ³³ + m a ŋ ³³,,Chen2013,,
Baixing-98_evening-1,,Baixing,98_evening,maŋ³³/5,maŋ³³,m a ŋ ³³,,Li2000,,
SouthernQiandong-98_evening-1,,SouthernQiandong,98_evening,tɕeu³⁵,tɕeu³⁵,tɕ eu ³⁵,,Chen2013,,
Datu-98_evening-1,,Datu,98_evening,m̥ ɑi⁴⁴/5,m̥ ɑi⁴⁴,m̥ + ɑi ⁴⁴,,Li2000,,
Xiangao-98_evening-1,,Xiangao,98_evening,maŋ³⁵/5,maŋ³⁵,m a ŋ ³⁵,,Li2000,,
NaMeoCaoBang-98_evening-1,,NaMeoCaoBang,98_evening,mɑŋ³⁵,mɑŋ³⁵,m ɑ ŋ ³⁵,,Edmondson2001,,
Yangpai-98_evening-1,,Yangpai,98_evening,mɑŋ²¹/5,mɑŋ²¹,m ɑ ŋ ²¹,,Li2000,,
EasternQiandong-98_evening-1,,EasternQiandong,98_evening,ɕi⁴⁴maŋ⁴⁴,ɕi⁴⁴maŋ⁴⁴,ɕ i ⁴⁴ + m a ŋ ⁴⁴,,Chen2013,,
NaMeoTuyenQuang-98_evening-1,,NaMeoTuyenQuang,98_evening,tjoŋ³³maŋ³⁵,tjoŋ³³maŋ³⁵,t j o ŋ ³³ + m a ŋ ³⁵,,Hsiu2015,,
Zhenmin-99_eye-1,,Zhenmin,99_eye,mɑ²¹/4,mɑ²¹,m ɑ ²¹,,Chen2013,,
NorthernQiandong-99_eye-1,,NorthernQiandong,99_eye,n̥ju³³mɛ¹³,n̥ju³³mɛ¹³,n̥ j u ³³ + m ɛ ¹³,,Chen2013,,
WesternQiandong-99_eye-1,,WesternQiandong,99_eye,pei¹³me²²,pei¹³me²²,p e i ¹³ m e ²²,,Chen2013,,
Baixing-99_eye-1,,Baixing,99_eye,mei⁴²/4,mei⁴²,m e i ⁴²,,Li2000,,
SouthernQiandong-99_eye-1,,SouthernQiandong,99_eye,n̥ju¹³mo²²,n̥ju¹³mo²²,n̥ j u ¹³ m o ²²,,Chen2013,,
Datu-99_eye-1,,Datu,99_eye,mu²¹/4,mu²¹,m u ²¹,,Li2000,,
Xiangao-99_eye-1,,Xiangao,99_eye,ma¹²/4,ma¹²,m a ¹²,,Li2000,,
NaMeoCaoBang-99_eye-1,,NaMeoCaoBang,99_eye,tsẽi⁴⁵³mɑ²²,tsẽi⁴⁵³mɑ²²,ts ẽ i ⁴⁵³ m ɑ ²²,,Edmondson2001,,
Yangpai-99_eye-1,,Yangpai,99_eye,mi²²/4,mi²²,m i ²²,,Li2000,,
Guncen-99_eye-1,,Guncen,99_eye,tsəi3ma6,tsəi3ma6,ts əi ³ + m a ⁶/¹³,,Committee2008,,
EasternQiandong-99_eye-1,,EasternQiandong,99_eye,qa³³mi⁵³,qa³³mi⁵³,q a ³³ + m i ⁵³,,Chen2013,,
NaMeoTuyenQuang-99_eye-1,,NaMeoTuyenQuang,99_eye,tɕei⁵⁵ma³³,tɕei⁵⁵ma³³,tɕ e i ⁵⁵ + m a ³³,,Hsiu2015,,
NaMeoTuyenQuang-100_face-1,,NaMeoTuyenQuang,100_face,tɕei⁵⁵ma¹¹,tɕei⁵⁵ma¹¹,tɕ e i ⁵⁵ + m a ¹¹,,Hsiu2015,,
NaMeoTuyenQuang-101_fall-1,,NaMeoTuyenQuang,101_fall,pa⁵⁵,pa⁵⁵,p a ⁵⁵,,Hsiu2015,,
NaMeoTuyenQuang-102_family-1,,NaMeoTuyenQuang,102_family,tɕõ³³tɕai⁵⁵,tɕõ³³tɕai⁵⁵,tɕ õ ³³ + tɕ ai ⁵⁵,,Hsiu2015,,
NaMeoTuyenQuang-103_far-1,,NaMeoTuyenQuang,103_far,qui⁵⁵,qui⁵⁵,q u i ⁵⁵,,Hsiu2015,,
NaMeoTuyenQuang-104_fat-1,,NaMeoTuyenQuang,104_fat,maŋ⁵³,maŋ⁵³,m a ŋ ⁵³,,Hsiu2015,,
NaMeoTuyenQuang-105_fear-1,,NaMeoTuyenQuang,105_fear,qhai⁵³,qhai⁵³,qʰ ai ⁵³,,Hsiu2015,,
Zhenmin-106_field-1,,Zhenmin,106_field,ljɑŋ⁵³/2,ljɑŋ⁵³,l j ɑ ŋ ⁵³,,Chen2013,,
NorthernQiandong-106_field-1,,NorthernQiandong,106_field,lji⁵⁵,lji⁵⁵,l j i ⁵⁵,,Chen2013,,
WesternQiandong-106_field-1,,WesternQiandong,106_field,lje⁵⁵,lje⁵⁵,l j e ⁵⁵,,Chen2013,,
Baixing-106_field-1,,Baixing,106_field,lje⁵⁵/2,lje⁵⁵,l j e ⁵⁵,,Li2000,,
SouthernQiandong-106_field-1,,SouthernQiandong,106_field,ljan³¹,ljan³¹,l j a n ³¹,,Chen2013,,
Datu-106_field-1,,Datu,106_field,li²²/2,li²²,l i ²²,,Li2000,,
Xiangao-106_field-1,,Xiangao,106_field,lje⁴²/2,lje⁴²,l j e ⁴²,,Li2000,,
NaMeoCaoBang-106_field-1,,NaMeoCaoBang,106_field,ljɑŋ⁵⁵,ljɑŋ⁵⁵,l j ɑ ŋ ⁵⁵,,Edmondson2001,,
Yangpai-106_field-1,,Yangpai,106_field,lei⁵⁵/2,lei⁵⁵,l e i ⁵⁵,,Li2000,,
EasternQiandong-106_field-1,,EasternQiandong,106_field,lje²²,lje²²,l j e ²²,,Chen2013,,
NaMeoTuyenQuang-106_field-1,,NaMeoTuyenQuang,106_field,tɕaŋ³³ljaŋ⁵⁵,tɕaŋ³³ljaŋ⁵⁵,tɕ a ŋ ³³ + l j a ŋ ⁵⁵,,Hsiu2015,,
Zhenmin-107_fire-1,,Zhenmin,107_fire,tɦɒ²¹/4,tɦɒ²¹,t ɦ ɒ ²¹,,Chen2013,,
NorthernQiandong-107_fire-1,,NorthernQiandong,107_fire,tu¹¹,tu¹¹,t u ¹¹,,Chen2013,,
WesternQiandong-107_fire-1,,WesternQiandong,107_fire,to²¹,to²¹,t o ²¹,,Chen2013,,
Baixing-107_fire-1,,Baixing,107_fire,to²⁴/4,to²⁴,t o ²⁴,,Li2000,,
SouthernQiandong-107_fire-1,,SouthernQiandong,107_fire,ta²⁴¹,ta²⁴¹,t a ²⁴¹,,Chen2013,,
Datu-107_fire-1,,Datu,107_fire,tou¹²/4,tou¹²,t ou ¹²,,Li2000,,
Xiangao-107_fire-1,,Xiangao,107_fire,tau¹²/4,tau¹²,t a u ¹²,,Li2000,,
NaMeoCaoBang-107_fire-1,,NaMeoCaoBang,107_fire,tɔ³³,tɔ³³,t ɔ ³³,,Edmondson2001,,
Yangpai-107_fire-1,,Yangpai,107_fire,tɦɤu²²/4,tɦɤu²²,t ɦ ɤ u ²²,,Li2000,,
Guncen-107_fire-1,,Guncen,107_fire,tau4,tau4,t a u ⁴,,Committee2008,,
EasternQiandong-107_fire-1,,EasternQiandong,107_fire,to²¹²,to²¹²,t o ²¹²,,Chen2013,,
NaMeoTuyenQuang-107_fire-1,,NaMeoTuyenQuang,107_fire,tɔ⁵³,tɔ⁵³,t ɔ ⁵³,,Hsiu2015,,
NaMeoTuyenQuang-108_firewood-1,,NaMeoTuyenQuang,108_firewood,tɔ⁵³,tɔ⁵³,t ɔ ⁵³,,Hsiu2015,,
Zhenmin-109_fish-1,,Zhenmin,109_fish,nze²¹/4,nze²¹,n z e ²¹,,Chen2013,,
NorthernQiandong-109_fish-1,,NorthernQiandong,109_fish,zɛ¹¹,zɛ¹¹,z ɛ ¹¹,,Chen2013,,
WesternQiandong-109_fish-1,,WesternQiandong,109_fish,mei²¹,mei²¹,m e i ²¹,,Chen2013,,
Baixing-109_fish-1,,Baixing,109_fish,mei²⁴/2,mei²⁴,m e i ²⁴,,Li2000,,
SouthernQiandong-109_fish-1,,SouthernQiandong,109_fish,ȵei²⁴¹,ȵei²⁴¹,ȵ e i ²⁴¹,,Chen2013,,
Datu-109_fish-1,,Datu,109_fish,nze²¹/4,nze²¹,n z e ²¹,,Li2000,,
Xiangao-109_fish-1,,Xiangao,109_fish,ȵei¹²/2,ȵei¹²,ȵ e i ¹²,,Li2000,,
NaMeoCaoBang-109_fish-1,,NaMeoCaoBang,109_fish,ŋɑi³¹,ŋɑi³¹,ŋ ɑi ³¹,,Edmondson2001,,
Yangpai-109_fish-1,,Yangpai,109_fish,nzɑ²²/2,nzɑ²²,n z ɑ ²²,,Li2000,,
Guncen-109_fish-1,,Guncen,109_fish,ȵai4,ȵai4,ȵ ai ⁴,,Committee2008,,
EasternQiandong-109_fish-1,,EasternQiandong,109_fish,njei²¹²,njei²¹²,n j e i ²¹²,,Chen2013,,
NaMeoTuyenQuang-109_fish-1,,NaMeoTuyenQuang,109_fish,ȵai⁵³,ȵai⁵³,ȵ ai ⁵³,,Hsiu2015,,
NaMeoTuyenQuang-110_floor-1,,NaMeoTuyenQuang,110_floor,ku³³tɪn⁵³,ku³³tɪn⁵³,k u ³³ + t ɪ n ⁵³,,Hsiu2015,,
NaMeoTuyenQuang-111_flower-1,,NaMeoTuyenQuang,111_flower,paŋ⁵⁵,paŋ⁵⁵,p a ŋ ⁵⁵,,Hsiu2015,,
NaMeoTuyenQuang-112_flyinsect-1,,NaMeoTuyenQuang,112_flyinsect,kin³³lai³⁵,kin³³lai³⁵,k i n ³³ + l ai ³⁵,,Hsiu2015,,
Zhenmin-113_fog-1,,Zhenmin,113_fog,ho³³/1,ho³³,h o ³³,,Chen2013,,
Baixing-113_fog-1,,Baixing,113_fog,ha⁴⁴/1,ha⁴⁴,h a ⁴⁴,,Li2000,,
Datu-113_fog-1,,Datu,113_fog,hau²⁴/1,hau²⁴,h a u ²⁴,,Li2000,,
Xiangao-113_fog-1,,Xiangao,113_fog,hau³³/1,hau³³,h a u ³³,,Li2000,,
Yangpai-113_fog-1,,Yangpai,113_fog,xau³³/1,xau³³,x a u ³³,,Li2000,,
NaMeoTuyenQuang-113_fog-1,,NaMeoTuyenQuang,113_fog,taɯ³³ʔu³⁵,taɯ³³ʔu³⁵,t a ɯ ³³ + ʔ u ³⁵,,Hsiu2015,,
NaMeoTuyenQuang-114_forest-1,,NaMeoTuyenQuang,114_forest,giŋ⁵⁵ku³³,giŋ⁵⁵ku³³,g i ŋ ⁵⁵ + k u ³³,,Hsiu2015,,
NaMeoTuyenQuang-115_fox-1,,NaMeoTuyenQuang,115_fox,ta³³ɬaŋ³⁵,ta³³ɬaŋ³⁵,t a ³³ + ɬ a ŋ ³⁵,,Hsiu2015,,
NaMeoTuyenQuang-116_fragrant-1,,NaMeoTuyenQuang,116_fragrant,ta⁵³moŋ³³,ta⁵³moŋ³³,t a ⁵³ + m o ŋ ³³,,Hsiu2015,,
Zhenmin-117_frog-1,,Zhenmin,117_frog,qeŋ³⁵/3,qeŋ³⁵,q e ŋ ³⁵,,Chen2013,,
NorthernQiandong-117_frog-1,,NorthernQiandong,117_frog,qaŋ³⁵,qaŋ³⁵,q a ŋ ³⁵,,Chen2013,,
WesternQiandong-117_frog-1,,WesternQiandong,117_frog,qæ̃¹³,qæ̃¹³,q æ̃ ¹³,,Chen2013,,
Baixing-117_frog-1,,Baixing,117_frog,qɛ¹³/3,qɛ¹³,q ɛ ¹³,,Li2000,,
SouthernQiandong-117_frog-1,,SouthernQiandong,117_frog,qan⁵³qa⁴⁴,qan⁵³qa⁴⁴,q a n ⁵³ + q a ⁴⁴,,Chen2013,,
Datu-117_frog-1,,Datu,117_frog,qɑŋ³³/3,qɑŋ³³,q ɑ ŋ ³³,,Li2000,,
Xiangao-117_frog-1,,Xiangao,117_frog,qan²²/3,qan²²,q a n ²²,,Li2000,,
NaMeoCaoBang-117_frog-1,,NaMeoCaoBang,117_frog,qɑn²⁴,qɑn²⁴,q ɑ n ²⁴,,Edmondson2001,,
Yangpai-117_frog-1,,Yangpai,117_frog,qe3,qe3,q e ³,,Li2000,,
EasternQiandong-117_frog-1,,EasternQiandong,117_frog,qan³³,qan³³,q a n ³³,,Chen2013,,
NaMeoTuyenQuang-117_frog-1,,NaMeoTuyenQuang,117_frog,qaŋ⁵⁵,qaŋ⁵⁵,q a ŋ ⁵⁵,,Hsiu2015,,
Zhenmin-118_fruit-1,,Zhenmin,118_fruit,tsi³⁵/3,tsi³⁵,ts i ³⁵,,Chen2013,,
NorthernQiandong-118_fruit-1,,NorthernQiandong,118_fruit,tsen³⁵,tsen³⁵,ts e n ³⁵,,Chen2013,,
WesternQiandong-118_fruit-1,,WesternQiandong,118_fruit,pei¹³,pei¹³,p e i ¹³,,Chen2013,,
Baixing-118_fruit-1,,Baixing,118_fruit,pei¹³/3,pei¹³,p e i ¹³,,Li2000,,
SouthernQiandong-118_fruit-1,,SouthernQiandong,118_fruit,tɕi⁵³,tɕi⁵³,tɕ i ⁵³,,Chen2013,,
Datu-118_fruit-1,,Datu,118_fruit,tsei³³/3,tsei³³,ts e i ³³,,Li2000,,
Xiangao-118_fruit-1,,Xiangao,118_fruit,tsi²²/3,tsi²²,ts i ²²,,Li2000,,
NaMeoCaoBang-118_fruit-1,,NaMeoCaoBang,118_fruit,ȶe³⁵,ȶe³⁵,ȶ e ³⁵,,Edmondson2001,,
Yangpai-118_fruit-1,,Yangpai,118_fruit,tsɛ⁴⁴/3,tsɛ⁴⁴,ts ɛ ⁴⁴,,Li2000,,
EasternQiandong-118_fruit-1,,EasternQiandong,118_fruit,tsen³⁵,tsen³⁵,ts e n ³⁵,,Chen2013,,
NaMeoTuyenQuang-118_fruit-1,,NaMeoTuyenQuang,118_fruit,tɕəi⁵⁵,tɕəi⁵⁵,tɕ əi ⁵⁵,,Hsiu2015,,
Zhenmin-119_full-1,,Zhenmin,119_full,pɑ³⁵/3,pɑ³⁵,p ɑ ³⁵,,Chen2013,,
NorthernQiandong-119_full-1,,NorthernQiandong,119_full,tə⁰²paŋ⁵⁵,tə⁰²paŋ⁵⁵,t ə ⁰/² + p a ŋ ⁵⁵,,Chen2013,,
WesternQiandong-119_full-1,,WesternQiandong,119_full,pə¹³,pə¹³,p ə ¹³,,Chen2013,,
Baixing-119_full-1,,Baixing,119_full,pei¹³/3,pei¹³,p e i ¹³,,Li2000,,
SouthernQiandong-119_full-1,,SouthernQiandong,119_full,po⁵⁵,po⁵⁵,p o ⁵⁵,,Chen2013,,
Datu-119_full-1,,Datu,119_full,peŋ³³/3,peŋ³³,p e ŋ ³³,,Li2000,,
Xiangao-119_full-1,,Xiangao,119_full,paŋ²²/3,paŋ²²,p a ŋ ²²,,Li2000,,
NaMeoCaoBang-119_full-1,,NaMeoCaoBang,119_full,pɑ³⁵(ɕiɑ³¹²u³³),pɑ³⁵,p ɑ ³⁵,,Edmondson2001,,
Yangpai-119_full-1,,Yangpai,119_full,pi⁴⁴/3,pi⁴⁴,p i ⁴⁴,,Li2000,,
Guncen-119_full-1,,Guncen,119_full,pa3,pa3,p a ³,,Committee2008,,
EasternQiandong-119_full-1,,EasternQiandong,119_full,pɑŋ⁵⁵,pɑŋ⁵⁵,p ɑ ŋ ⁵⁵,,Chen2013,,
NaMeoTuyenQuang-119_full-1,,NaMeoTuyenQuang,119_full,pa⁵⁵,pa⁵⁵,p a ⁵⁵,,Hsiu2015,,
Zhenmin-120_ghost-1,,Zhenmin,120_ghost,ɬɑ³³/1,ɬɑ³³,ɬ ɑ ³³,,Chen2013,,
NorthernQiandong-120_ghost-1,,NorthernQiandong,120_ghost,ɬjaŋ³³,ɬjaŋ³³,ɬ j a ŋ ³³,,Chen2013,,
WesternQiandong-120_ghost-1,,WesternQiandong,120_ghost,ɬjin⁴⁴,ɬjin⁴⁴,ɬ j i n ⁴⁴,,Chen2013,,
Baixing-120_ghost-1,,Baixing,120_ghost,ɬoŋ⁴⁴/1,ɬoŋ⁴⁴,ɬ o ŋ ⁴⁴,,Li2000,,
SouthernQiandong-120_ghost-1,,SouthernQiandong,120_ghost,tɬjan¹³,tɬjan¹³,tɬ j a n ¹³,,Chen2013,,
Datu-120_ghost-1,,Datu,120_ghost,ɬeŋ²⁴/1,ɬeŋ²⁴,ɬ e ŋ ²⁴,,Li2000,,
Xiangao-120_ghost-1,,Xiangao,120_ghost,ɬa³³/1,ɬa³³,ɬ a ³³,,Li2000,,
NaMeoCaoBang-120_ghost-1,,NaMeoCaoBang,120_ghost,ɬin³⁵ɕiɑ⁴⁴,ɬin³⁵ɕiɑ⁴⁴,ɬ i n ³⁵ + ɕ i ɑ ⁴⁴,,Edmondson2001,,
Yangpai-120_ghost-1,,Yangpai,120_ghost,ɬɛ³³/1,ɬɛ³³,ɬ ɛ ³³,,Li2000,,
EasternQiandong-120_ghost-1,,EasternQiandong,120_ghost,ɬjan²⁴,ɬjan²⁴,ɬ j a n ²⁴,,Chen2013,,
NaMeoTuyenQuang-120_ghost-1,,NaMeoTuyenQuang,120_ghost,ɬɪn⁵³,ɬɪn⁵³,ɬ ɪ n ⁵³,,Hsiu2015,,
NaMeoTuyenQuang-121_gold-1,,NaMeoTuyenQuang,121_gold,tɕəm³⁵,tɕəm³⁵,tɕ ə m ³⁵,,Hsiu2015,,
Zhenmin-122_good-1,,Zhenmin,122_good,vu⁴⁴/5,vu⁴⁴,v u ⁴⁴,,Chen2013,,
NorthernQiandong-122_good-1,,NorthernQiandong,122_good,ɣu⁴⁴,ɣu⁴⁴,ɣ u ⁴⁴,,Chen2013,,
WesternQiandong-122_good-1,,WesternQiandong,122_good,ɣu⁴⁴,ɣu⁴⁴,ɣ u ⁴⁴,,Chen2013,,
Baixing-122_good-1,,Baixing,122_good,ɣuɤ³³/5,ɣuɤ³³,ɣ u ɤ ³³,,Li2000,,
SouthernQiandong-122_good-1,,SouthernQiandong,122_good,ɣu⁴⁴,ɣu⁴⁴,ɣ u ⁴⁴,,Chen2013,,
Datu-122_good-1,,Datu,122_good,ɣai⁴⁴/5,ɣai⁴⁴,ɣ ai ⁴⁴,,Li2000,,
Xiangao-122_good-1,,Xiangao,122_good,wo³⁵/5,wo³⁵,w o ³⁵,,Li2000,,
NaMeoCaoBang-122_good-1,,NaMeoCaoBang,122_good,vu³⁵,vu³⁵,v u ³⁵,,Edmondson2001,,
Yangpai-122_good-1,,Yangpai,122_good,ɣu²¹/5,ɣu²¹,ɣ u ²¹,,Li2000,,
Guncen-122_good-1,,Guncen,122_good,vu5,vu5,v u ⁵,,Committee2008,,
EasternQiandong-122_good-1,,EasternQiandong,122_good,ʑeu⁴⁴,ʑeu⁴⁴,ʑ eu ⁴⁴,,Chen2013,,
NaMeoTuyenQuang-122_good-1,,NaMeoTuyenQuang,122_good,vu³⁵,vu³⁵,v u ³⁵,,Hsiu2015,,
NaMeoTuyenQuang-123_grass-1,,NaMeoTuyenQuang,123_grass,ȵaŋ⁵⁵,ȵaŋ⁵⁵,ȵ a ŋ ⁵⁵,,Hsiu2015,,
NaMeoTuyenQuang-124_grave-1,,NaMeoTuyenQuang,124_grave,pu⁵⁵liaŋ⁵⁵,pu⁵⁵liaŋ⁵⁵,p u ⁵⁵ + l i a ŋ ⁵⁵,,Hsiu2015,,
NaMeoTuyenQuang-125_green-1,,NaMeoTuyenQuang,125_green,ȵau⁵⁵,ȵau⁵⁵,ȵ a u ⁵⁵,,Hsiu2015,,
NaMeoTuyenQuang-126_grow-1,,NaMeoTuyenQuang,126_grow,ljəu³³tɕai³⁵,ljəu³³tɕai³⁵,l j əu ³³ + tɕ ai ³⁵,,Hsiu2015,,
NaMeoTuyenQuang-127_gums-1,,NaMeoTuyenQuang,127_gums,maŋ³³ȵiu⁵⁵,maŋ³³ȵiu⁵⁵,m a ŋ ³³ + ȵ i u ⁵⁵,,Hsiu2015,,
NaMeoTuyenQuang-128_hairbody-1,,NaMeoTuyenQuang,128_hairbody,khɬu⁵³,khɬu⁵³,kʰ ɬ u ⁵³,,Hsiu2015,,
NaMeoTuyenQuang-129_hairhead-1,,NaMeoTuyenQuang,129_hairhead,khɬu³³həu⁵⁵,khɬu³³həu⁵⁵,kʰ ɬ u ³³ + h əu ⁵⁵,,Hsiu2015,,
NaMeoTuyenQuang-130_happy-1,,NaMeoTuyenQuang,130_happy,vu⁵⁵va³³,vu⁵⁵va³³,v u ⁵⁵ + v a ³³,,Hsiu2015,,
NaMeoTuyenQuang-131_hat-1,,NaMeoTuyenQuang,131_hat,la⁵³khəu³⁵,la⁵³khəu³⁵,l a ⁵³ + kʰ əu ³⁵,,Hsiu2015,,
NaMeoTuyenQuang-132_hay-1,,NaMeoTuyenQuang,132_hay,ȵaŋ³³qaŋ³⁵,ȵaŋ³³qaŋ³⁵,ȵ a ŋ ³³ + q a ŋ ³⁵,,Hsiu2015,,
NaMeoTuyenQuang-133_head-1,,NaMeoTuyenQuang,133_head,həu⁵⁵,həu⁵⁵,h əu ⁵⁵,,Hsiu2015,,
NaMeoTuyenQuang-134_hear-1,,NaMeoTuyenQuang,134_hear,tɕaŋ³³ȵai⁵⁵,tɕaŋ³³ȵai⁵⁵,tɕ a ŋ ³³ + ȵ ai ⁵⁵,,Hsiu2015,,
Zhenmin-135_heart-1,,Zhenmin,135_heart,ɬju³⁵/3,ɬju³⁵,ɬ j u ³⁵,,Chen2013,,
NorthernQiandong-135_heart-1,,NorthernQiandong,135_heart,ɬju³⁵,ɬju³⁵,ɬ j u ³⁵,,Chen2013,,
WesternQiandong-135_heart-1,,WesternQiandong,135_heart,pjo¹³,pjo¹³,p j o ¹³,,Chen2013,,
Baixing-135_heart-1,,Baixing,135_heart,pjo¹³/3,pjo¹³,p j o ¹³,,Li2000,,
SouthernQiandong-135_heart-1,,SouthernQiandong,135_heart,pam⁴⁴,pam⁴⁴,p a m ⁴⁴,,Chen2013,,
Datu-135_heart-1,,Datu,135_heart,ɬjɒ³³/3,ɬjɒ³³,ɬ j ɒ ³³,,Li2000,,
Xiangao-135_heart-1,,Xiangao,135_heart,ɬjau²²/3,ɬjau²²,ɬ j a u ²²,,Li2000,,
NaMeoCaoBang-135_heart-1,,NaMeoCaoBang,135_heart,ŋoi³³,ŋoi³³,ŋ oi ³³,,Edmondson2001,,
Yangpai-135_heart-1,,Yangpai,135_heart,ɬjɤu⁴⁴/3,ɬjɤu⁴⁴,ɬ j ɤ u ⁴⁴,,Li2000,,
Guncen-135_heart-1,,Guncen,135_heart,tiu8,tiu8,t i u ⁸/³¹,,Committee2008,,
EasternQiandong-135_heart-1,,EasternQiandong,135_heart,ɕin²⁴teu²²,ɕin²⁴teu²²,ɕ i n ²⁴ t eu ²²,,Chen2013,,
NaMeoTuyenQuang-135_heart-1,,NaMeoTuyenQuang,135_heart,tɕei³³ɬɔ³³,tɕei³³ɬɔ³³,tɕ e i ³³ + ɬ ɔ ³³,,Hsiu2015,,
Zhenmin-136_heavy-1,,Zhenmin,136_heavy,ȵʑɑŋ³⁵/3,ȵʑɑŋ³⁵,ȵ ʑ ɑ ŋ ³⁵,,Chen2013,,
NorthernQiandong-136_heavy-1,,NorthernQiandong,136_heavy,n̥joŋ³⁵,n̥joŋ³⁵,n̥ j o ŋ ³⁵,,Chen2013,,
WesternQiandong-136_heavy-1,,WesternQiandong,136_heavy,njuŋ¹³,njuŋ¹³,n j u ŋ ¹³,,Chen2013,,
Baixing-136_heavy-1,,Baixing,136_heavy,ȵoŋ¹³/3,ȵoŋ¹³,ȵ o ŋ ¹³,,Li2000,,
SouthernQiandong-136_heavy-1,,SouthernQiandong,136_heavy,ȵ̥am⁵³,ȵ̥am⁵³,ȵ̥ a m ⁵³,,Chen2013,,
Datu-136_heavy-1,,Datu,136_heavy,ȵ̥oŋ³³/3,ȵ̥oŋ³³,ȵ̥ o ŋ ³³,,Li2000,,
Xiangao-136_heavy-1,,Xiangao,136_heavy,ȵɑŋ²²/3,ȵɑŋ²²,ȵ ɑ ŋ ²²,,Li2000,,
NaMeoCaoBang-136_heavy-1,,NaMeoCaoBang,136_heavy,ȵɔŋ³⁵,ȵɔŋ³⁵,ȵ ɔ ŋ ³⁵,,Edmondson2001,,
Yangpai-136_heavy-1,,Yangpai,136_heavy,ȵoŋ⁴⁴/3,ȵoŋ⁴⁴,ȵ o ŋ ⁴⁴,,Li2000,,
Guncen-136_heavy-1,,Guncen,136_heavy,ȵioŋ3,ȵioŋ3,ȵ i o ŋ ³,,Committee2008,,
EasternQiandong-136_heavy-1,,EasternQiandong,136_heavy,njuŋ³³,njuŋ³³,n j u ŋ ³³,,Chen2013,,
NaMeoTuyenQuang-136_heavy-1,,NaMeoTuyenQuang,136_heavy,ȵoŋ⁵⁵,ȵoŋ⁵⁵,ȵ o ŋ ⁵⁵,,Hsiu2015,,
NaMeoTuyenQuang-137_hen-1,,NaMeoTuyenQuang,137_hen,maŋ³³qai⁵³,maŋ³³qai⁵³,m a ŋ ³³ + q ai ⁵³,,Hsiu2015,,
NaMeoTuyenQuang-138_hide-1,,NaMeoTuyenQuang,138_hide,ɣe³⁵,ɣe³⁵,ɣ e ³⁵,,Hsiu2015,,
NaMeoTuyenQuang-139_hit-1,,NaMeoTuyenQuang,139_hit,tam⁵³,tam⁵³,t a m ⁵³,,Hsiu2015,,
NaMeoTuyenQuang-140_horse-1,,NaMeoTuyenQuang,140_horse,ta³³mi⁵³,ta³³mi⁵³,t a ³³ + m i ⁵³,,Hsiu2015,,
NaMeoTuyenQuang-141_hot-1,,NaMeoTuyenQuang,141_hot,qha⁵³,qha⁵³,qʰ a ⁵³,,Hsiu2015,,
Zhenmin-142_house-1,,Zhenmin,142_house,tse³⁵/3,tse³⁵,ts e ³⁵,,Chen2013,,
NorthernQiandong-142_house-1,,NorthernQiandong,142_house,tsɛ³⁵,tsɛ³⁵,ts ɛ ³⁵,,Chen2013,,
WesternQiandong-142_house-1,,WesternQiandong,142_house,pei¹³,pei¹³,p e i ¹³,,Chen2013,,
Baixing-142_house-1,,Baixing,142_house,pei¹³/3,pei¹³,p e i ¹³,,Li2000,,
SouthernQiandong-142_house-1,,SouthernQiandong,142_house,tɕei⁵³,tɕei⁵³,tɕ e i ⁵³,,Chen2013,,
Datu-142_house-1,,Datu,142_house,tse³³/3,tse³³,ts e ³³,,Li2000,,
Xiangao-142_house-1,,Xiangao,142_house,tsei²²/3,tsei²²,ts e i ²²,,Li2000,,
NaMeoCaoBang-142_house-1,,NaMeoCaoBang,142_house,tsɑi³⁵,tsɑi³⁵,ts ɑi ³⁵,,Edmondson2001,,
Yangpai-142_house-1,,Yangpai,142_house,tsɑ⁴⁴/3,tsɑ⁴⁴,ts ɑ ⁴⁴,,Li2000,,
EasternQiandong-142_house-1,,EasternQiandong,142_house,tsei³³,tsei³³,ts e i ³³,,Chen2013,,
NaMeoTuyenQuang-142_house-1,,NaMeoTuyenQuang,142_house,tɕai³³,tɕai³³,tɕ ai ³³,,Hsiu2015,,
NaMeoTuyenQuang-143_humanperson-1,,NaMeoTuyenQuang,143_humanperson,na⁵⁵,na⁵⁵,n a ⁵⁵,,Hsiu2015,,
NaMeoTuyenQuang-144_huntto-1,,NaMeoTuyenQuang,144_huntto,moŋ⁵⁵,moŋ⁵⁵,m o ŋ ⁵⁵,,Hsiu2015,,
NaMeoTuyenQuang-145_husband-1,,NaMeoTuyenQuang,145_husband,zɔ³³,zɔ³³,z ɔ ³³,,Hsiu2015,,
NaMeoTuyenQuang-146_i-1,,NaMeoTuyenQuang,146_i,va⁵³,va⁵³,v a ⁵³,,Hsiu2015,,
Zhenmin-147_insect-1,,Zhenmin,147_insect,keŋ³³/1,keŋ³³,k e ŋ ³³,,Chen2013,,
NorthernQiandong-147_insect-1,,NorthernQiandong,147_insect,kaŋ³³,kaŋ³³,k a ŋ ³³,,Chen2013,,
WesternQiandong-147_insect-1,,WesternQiandong,147_insect,kæ̃⁴⁴,kæ̃⁴⁴,k æ̃ ⁴⁴,,Chen2013,,
Baixing-147_insect-1,,Baixing,147_insect,kɛ⁴⁴/1,kɛ⁴⁴,k ɛ ⁴⁴,,Li2000,,
SouthernQiandong-147_insect-1,,SouthernQiandong,147_insect,kan¹³,kan¹³,k a n ¹³,,Chen2013,,
Datu-147_insect-1,,Datu,147_insect,kɑŋ²⁴/1,kɑŋ²⁴,k ɑ ŋ ²⁴,,Li2000,,
Xiangao-147_insect-1,,Xiangao,147_insect,kan³³/1,kan³³,k a n ³³,,Li2000,,
NaMeoCaoBang-147_insect-1,,NaMeoCaoBang,147_insect,kin³³nɑu³⁵⁴,kin³³nɑu³⁵⁴,k i n ³³ + n ɑ u ³⁵⁴,,Edmondson2001,,
Yangpai-147_insect-1,,Yangpai,147_insect,ke³³/1,ke³³,k e ³³,,Li2000,,
Guncen-147_insect-1,,Guncen,147_insect,kiŋ1,kiŋ1,k i ŋ ¹,,Committee2008,,
EasternQiandong-147_insect-1,,EasternQiandong,147_insect,kan²⁴,kan²⁴,k a n ²⁴,,Chen2013,,
NaMeoTuyenQuang-147_insect-1,,NaMeoTuyenQuang,147_insect,kin³³dʑu⁵⁵,kin³³dʑu⁵⁵,k i n ³³ + dʑ u ⁵⁵,,Hsiu2015,,
NaMeoTuyenQuang-148_intestines-1,,NaMeoTuyenQuang,148_intestines,qe³³vi⁵³,qe³³vi⁵³,q e ³³ + v i ⁵³,,Hsiu2015,,
Zhenmin-149_iron-1,,Zhenmin,149_iron,lu⁴⁴/5,lu⁴⁴,l u ⁴⁴,,Chen2013,,
NorthernQiandong-149_iron-1,,NorthernQiandong,149_iron,ɬʰə⁴⁴,ɬʰə⁴⁴,ɬʰ ə ⁴⁴,,Chen2013,,
WesternQiandong-149_iron-1,,WesternQiandong,149_iron,leu³³,leu³³,l eu ³³,,Chen2013,,
Baixing-149_iron-1,,Baixing,149_iron,lɤu³³/5,lɤu³³,l ɤ u ³³,,Li2000,,
SouthernQiandong-149_iron-1,,SouthernQiandong,149_iron,ɬeu⁴⁴,ɬeu⁴⁴,ɬ eu ⁴⁴,,Chen2013,,
Datu-149_iron-1,,Datu,149_iron,ɬɑu⁴⁴/5,ɬɑu⁴⁴,ɬ ɑ u ⁴⁴,,Li2000,,
Xiangao-149_iron-1,,Xiangao,149_iron,lo³⁵/5,lo³⁵,l o ³⁵,,Li2000,,
NaMeoCaoBang-149_iron-1,,NaMeoCaoBang,149_iron,lɐu³³,lɐu³³,l ɐ u ³³,,Edmondson2001,,
Yangpai-149_iron-1,,Yangpai,149_iron,lɑu²¹/5,lɑu²¹,l ɑ u ²¹,,Li2000,,
EasternQiandong-149_iron-1,,EasternQiandong,149_iron,leu⁴⁴,leu⁴⁴,l eu ⁴⁴,,Chen2013,,
NaMeoTuyenQuang-149_iron-1,,NaMeoTuyenQuang,149_iron,ləu³⁵,ləu³⁵,l əu ³⁵,,Hsiu2015,,
NaMeoTuyenQuang-150_jaw-1,,NaMeoTuyenQuang,150_jaw,qaŋ⁵³qaŋ³³,qaŋ⁵³qaŋ³³,q a ŋ ⁵³ + q a ŋ ³³,,Hsiu2015,,
NaMeoTuyenQuang-151_kill-1,,NaMeoTuyenQuang,151_kill,ta³⁵,ta³⁵,t a ³⁵,,Hsiu2015,,
NaMeoTuyenQuang-152_knee-1,,NaMeoTuyenQuang,152_knee,gəu⁵³tɕu³³,gəu⁵³tɕu³³,g əu ⁵³ + tɕ u ³³,,Hsiu2015,,
NaMeoTuyenQuang-153_knife-1,,NaMeoTuyenQuang,153_knife,ʔdjɔ³⁵,ʔdjɔ³⁵,ʔ d j ɔ ³⁵,,Hsiu2015,,
NaMeoTuyenQuang-154_know-1,,NaMeoTuyenQuang,154_know,pu⁵³,pu⁵³,p u ⁵³,,Hsiu2015,,
NaMeoTuyenQuang-155_laugh-1,,NaMeoTuyenQuang,155_laugh,tjəu³⁵,tjəu³⁵,t j əu ³⁵,,Hsiu2015,,
Zhenmin-156_leaf-1,,Zhenmin,156_leaf,nu⁵³/2,nu⁵³,n u ⁵³,,Chen2013,,
NorthernQiandong-156_leaf-1,,NorthernQiandong,156_leaf,qa³³nə⁵⁵,qa³³nə⁵⁵,q a ³³ + n ə ⁵⁵,,Chen2013,,
WesternQiandong-156_leaf-1,,WesternQiandong,156_leaf,qa³³neu⁵⁵teu³³,qa³³neu⁵⁵teu³³,q a ³³ + n eu ⁵⁵ + t eu ³³,,Chen2013,,
Baixing-156_leaf-1,,Baixing,156_leaf,nɤu⁵⁵/2,nɤu⁵⁵,n ɤ u ⁵⁵,,Li2000,,
SouthernQiandong-156_leaf-1,,SouthernQiandong,156_leaf,neu³¹,neu³¹,n eu ³¹,,Chen2013,,
Datu-156_leaf-1,,Datu,156_leaf,lai²²/2,lai²²,l ai ²²,,Li2000,,
Xiangao-156_leaf-1,,Xiangao,156_leaf,no⁴²/2,no⁴²,n o ⁴²,,Li2000,,
NaMeoCaoBang-156_leaf-1,,NaMeoCaoBang,156_leaf,nau⁵³tau³⁵,nau⁵³tau³⁵,n a u ⁵³ + t a u ³⁵,,Edmondson2001,,
Yangpai-156_leaf-1,,Yangpai,156_leaf,nɑu⁵⁵/2,nɑu⁵⁵,n ɑ u ⁵⁵,,Li2000,,
EasternQiandong-156_leaf-1,,EasternQiandong,156_leaf,neu²²,neu²²,n eu ²²,,Chen2013,,
NaMeoTuyenQuang-156_leaf-1,,NaMeoTuyenQuang,156_leaf,nəu⁵⁵,nəu⁵⁵,n əu ⁵⁵,,Hsiu2015,,
NaMeoTuyenQuang-157_left-1,,NaMeoTuyenQuang,157_left,tɕei⁵³tɕi³³,tɕei⁵³tɕi³³,tɕ e i ⁵³ + tɕ i ³³,,Hsiu2015,,
Zhenmin-158_leg-1,,Zhenmin,158_leg,pa³³/1,pa³³,p a ³³,,Chen2013,,
NorthernQiandong-158_leg-1,,NorthernQiandong,158_leg,qa³³pa³³,qa³³pa³³,q a ³³ + p a ³³,,Chen2013,,
WesternQiandong-158_leg-1,,WesternQiandong,158_leg,"qa³³pæ⁴⁴;
tju³³ŋaŋ²¹",qa³³pæ⁴⁴,q a ³³ + p æ ⁴⁴,,Chen2013,,
Baixing-158_leg-1,,Baixing,158_leg,pɛ⁴⁴/1,pɛ⁴⁴,p ɛ ⁴⁴,,Li2000,,
SouthernQiandong-158_leg-1,,SouthernQiandong,158_leg,pe¹³; njo²⁴¹,pe¹³,p e ¹³,,Chen2013,,
Datu-158_leg-1,,Datu,158_leg,pei²⁴/1,pei²⁴,p e i ²⁴,,Li2000,,
Xiangao-158_leg-1,,Xiangao,158_leg,pai³³/1,pai³³,p ai ³³,,Li2000,,
NaMeoCaoBang-158_leg-1,,NaMeoCaoBang,158_leg,lɔ³³,lɔ³³,l ɔ ³³,,Edmondson2001,,
Yangpai-158_leg-1,,Yangpai,158_leg,pe³³/1,pe³³,p e ³³,,Li2000,,
Guncen-158_leg-1,,Guncen,158_leg,pɛ1,pɛ1,p ɛ ¹,,Committee2008,,
EasternQiandong-158_leg-1,,EasternQiandong,158_leg,qa³³pɛ²⁴,qa³³pɛ²⁴,q a ³³ + p ɛ ²⁴,,Chen2013,,
NaMeoTuyenQuang-158_leg-1,,NaMeoTuyenQuang,158_leg,lɔ⁵³,lɔ⁵³,l ɔ ⁵³,,Hsiu2015,,
NaMeoTuyenQuang-159_liedown-1,,NaMeoTuyenQuang,159_liedown,pi³⁵,pi³⁵,p i ³⁵,,Hsiu2015,,
NaMeoTuyenQuang-160_light-1,,NaMeoTuyenQuang,160_light,sʰei³³,sʰei³³,sʰ e i ³³,,Hsiu2015,,
NaMeoTuyenQuang-161_lightning-1,,NaMeoTuyenQuang,161_lightning,le³³hau⁵⁵,le³³hau⁵⁵,l e ³³ + h a u ⁵⁵,,Hsiu2015,,
NaMeoTuyenQuang-162_lightnotheavy-1,,NaMeoTuyenQuang,162_lightnotheavy,phai⁵³,phai⁵³,pʰ ai ⁵³,,Hsiu2015,,
NaMeoTuyenQuang-163_lip-1,,NaMeoTuyenQuang,163_lip,lu³⁵ȵu⁵⁵,lu³⁵ȵu⁵⁵,l u ³⁵ + ȵ u ⁵⁵,,Hsiu2015,,
NaMeoTuyenQuang-164_liveto-1,,NaMeoTuyenQuang,164_liveto,gəu³³,gəu³³,g əu ³³,,Hsiu2015,,
NaMeoTuyenQuang-165_liver-1,,NaMeoTuyenQuang,165_liver,ŋui⁵⁵,ŋui⁵⁵,ŋ u i ⁵⁵,,Hsiu2015,,
NaMeoTuyenQuang-166_long-1,,NaMeoTuyenQuang,166_long,tai³³,tai³³,t ai ³³,,Hsiu2015,,
NaMeoTuyenQuang-167_lookto-1,,NaMeoTuyenQuang,167_lookto,qha³³,qha³³,qʰ a ³³,,Hsiu2015,,
NaMeoTuyenQuang-168_lousebody-1,,NaMeoTuyenQuang,168_lousebody,than⁵⁵,than⁵⁵,tʰ a n ⁵⁵,,Hsiu2015,,
NaMeoTuyenQuang-169_lousehead-1,,NaMeoTuyenQuang,169_lousehead,"kin³³həu⁵⁵,
həu⁵⁵than⁵⁵",kin³³həu⁵⁵,k i n ³³ + h əu ⁵⁵,,Hsiu2015,,
NaMeoTuyenQuang-170_male-1,,NaMeoTuyenQuang,170_male,tɕi³³kəu³⁵,tɕi³³kəu³⁵,tɕ i ³³ + k əu ³⁵,,Hsiu2015,,
NaMeoTuyenQuang-171_market-1,,NaMeoTuyenQuang,171_market,xi³⁵,xi³⁵,x i ³⁵,,Hsiu2015,,
NaMeoTuyenQuang-172_meat-1,,NaMeoTuyenQuang,172_meat,ʔi³⁵,ʔi³⁵,ʔ i ³⁵,,Hsiu2015,,
NaMeoTuyenQuang-173_midday-1,,NaMeoTuyenQuang,173_midday,tjoŋ⁵³na⁵³,tjoŋ⁵³na⁵³,t j o ŋ ⁵³ + n a ⁵³,,Hsiu2015,,
NaMeoTuyenQuang-174_millet-1,,NaMeoTuyenQuang,174_millet,ȵa³³nəi⁵⁵,ȵa³³nəi⁵⁵,ȵ a ³³ + n əi ⁵⁵,,Hsiu2015,,
Zhenmin-175_money-1,,Zhenmin,175_money,seŋ⁵³/2,seŋ⁵³,s e ŋ ⁵³,,Chen2013,,
NorthernQiandong-175_money-1,,NorthernQiandong,175_money,pi⁵⁵sei⁵⁵,pi⁵⁵sei⁵⁵,p i ⁵⁵ + s e i ⁵⁵,,Chen2013,,
WesternQiandong-175_money-1,,WesternQiandong,175_money,pei³³se⁵⁵,pei³³se⁵⁵,p e i ³³ + s e ⁵⁵,,Chen2013,,
Baixing-175_money-1,,Baixing,175_money,sen⁵⁵/2,sen⁵⁵,s e n ⁵⁵,,Li2000,,
SouthernQiandong-175_money-1,,SouthernQiandong,175_money,sa³¹; saŋ⁵³,sa³¹,s a ³¹,,Chen2013,,
Datu-175_money-1,,Datu,175_money,saŋ²²/2,saŋ²²,s a ŋ ²²,,Li2000,,
Xiangao-175_money-1,,Xiangao,175_money,san⁴²/2,san⁴²,s a n ⁴²,,Li2000,,
Yangpai-175_money-1,,Yangpai,175_money,sei⁵⁵/2,sei⁵⁵,s e i ⁵⁵,,Li2000,,
NaMeoTuyenQuang-175_money-1,,NaMeoTuyenQuang,175_money,shaŋ⁵⁵,shaŋ⁵⁵,sʰ a ŋ ⁵⁵,,Hsiu2015,,
Zhenmin-176_monkey-1,,Zhenmin,176_monkey,lɑ³³/1,lɑ³³,l ɑ ³³,,Chen2013,,
NorthernQiandong-176_monkey-1,,NorthernQiandong,176_monkey,lei³³,lei³³,l e i ³³,,Chen2013,,
WesternQiandong-176_monkey-1,,WesternQiandong,176_monkey,læ⁴⁴,læ⁴⁴,l æ ⁴⁴,,Chen2013,,
Baixing-176_monkey-1,,Baixing,176_monkey,le⁴⁴/1,le⁴⁴,l e ⁴⁴,,Li2000,,
SouthernQiandong-176_monkey-1,,SouthernQiandong,176_monkey,tjeu¹³la¹³,tjeu¹³la¹³,t j eu ¹³ l a ¹³,,Chen2013,,
Datu-176_monkey-1,,Datu,176_monkey,lɑŋ²⁴/1,lɑŋ²⁴,l ɑ ŋ ²⁴,,Li2000,,
Xiangao-176_monkey-1,,Xiangao,176_monkey,le³³/1,le³³,l e ³³,,Li2000,,
NaMeoCaoBang-176_monkey-1,,NaMeoCaoBang,176_monkey,tɑ²¹le²⁴,tɑ²¹le²⁴,t ɑ ²¹ l e ²⁴,,Edmondson2001,,
Yangpai-176_monkey-1,,Yangpai,176_monkey,lei³³/1,lei³³,l e i ³³,,Li2000,,
Guncen-176_monkey-1,,Guncen,176_monkey,ta1lɛ3,ta1lɛ3,t a ¹ + l ɛ ³,,Committee2008,,
EasternQiandong-176_monkey-1,,EasternQiandong,176_monkey,le²⁴,le²⁴,l e ²⁴,,Chen2013,,
NaMeoTuyenQuang-176_monkey-1,,NaMeoTuyenQuang,176_monkey,tɕəu³³lai³³,tɕəu³³lai³³,tɕ əu ³³ + l ai ³³,,Hsiu2015,,
NaMeoTuyenQuang-177_month-1,,NaMeoTuyenQuang,177_month,ləi³⁵,ləi³⁵,l əi ³⁵,,Hsiu2015,,
Zhenmin-178_moon-1,,Zhenmin,178_moon,li⁴⁴/5,li⁴⁴,l i ⁴⁴,,Chen2013,,
NorthernQiandong-178_moon-1,,NorthernQiandong,178_moon,ɬʰa⁴⁴,ɬʰa⁴⁴,ɬʰ a ⁴⁴,,Chen2013,,
WesternQiandong-178_moon-1,,WesternQiandong,178_moon,pɔ¹¹la³³,pɔ¹¹la³³,p ɔ ¹¹ + l a ³³,,Chen2013,,
Baixing-178_moon-1,,Baixing,178_moon,la³³/5,la³³,l a ³³,,Li2000,,
SouthernQiandong-178_moon-1,,SouthernQiandong,178_moon,ɬei⁴⁴,ɬei⁴⁴,ɬ e i ⁴⁴,,Chen2013,,
Datu-178_moon-1,,Datu,178_moon,ɬɑ⁴⁴/5,ɬɑ⁴⁴,ɬ ɑ ⁴⁴,,Li2000,,
Xiangao-178_moon-1,,Xiangao,178_moon,li³⁵/5,li³⁵,l i ³⁵,,Li2000,,
NaMeoCaoBang-178_moon-1,,NaMeoCaoBang,178_moon,lɑ²²lei²⁴,lɑ²²lei²⁴,l ɑ ²² + l e i ²⁴,,Edmondson2001,,
Yangpai-178_moon-1,,Yangpai,178_moon,lɑ²¹/5,lɑ²¹,l ɑ ²¹,,Li2000,,
Guncen-178_moon-1,,Guncen,178_moon,ləi5,ləi5,l əi ⁵,,Committee2008,,
EasternQiandong-178_moon-1,,EasternQiandong,178_moon,la⁴⁴la⁴⁴,la⁴⁴la⁴⁴,l a ⁴⁴ + l a ⁴⁴,,Chen2013,,
NaMeoTuyenQuang-178_moon-1,,NaMeoTuyenQuang,178_moon,thau³³ləi³⁵,thau³³ləi³⁵,tʰ a u ³³ + l əi ³⁵,,Hsiu2015,,
NaMeoTuyenQuang-179_morning-1,,NaMeoTuyenQuang,179_morning,ʔdjoŋ³³ʔdai³⁵,ʔdjoŋ³³ʔdai³⁵,ʔ d j o ŋ ³³ + ʔ d ai ³⁵,,Hsiu2015,,
NaMeoTuyenQuang-180_mortar-1,,NaMeoTuyenQuang,180_mortar,ma³³tɕau³⁵,ma³³tɕau³⁵,m a ³³ + tɕ a u ³⁵,,Hsiu2015,,
NaMeoTuyenQuang-181_mosquito-1,,NaMeoTuyenQuang,181_mosquito,kin³³dʑu⁵⁵,kin³³dʑu⁵⁵,k i n ³³ + dʑ u ⁵⁵,,Hsiu2015,,
NaMeoTuyenQuang-182_mountain-1,,NaMeoTuyenQuang,182_mountain,ɣin⁵⁵,ɣin⁵⁵,ɣ i n ⁵⁵,,Hsiu2015,,
NaMeoTuyenQuang-183_mouth-1,,NaMeoTuyenQuang,183_mouth,lau³⁵,lau³⁵,l a u ³⁵,,Hsiu2015,,
NaMeoTuyenQuang-184_mud-1,,NaMeoTuyenQuang,184_mud,ʔɔŋ³³,ʔɔŋ³³,ʔ ɔ ŋ ³³,,Hsiu2015,,
NaMeoTuyenQuang-185_mushroom-1,,NaMeoTuyenQuang,185_mushroom,tɕəi³³,tɕəi³³,tɕ əi ³³,,Hsiu2015,,
Zhenmin-186_name-1,,Zhenmin,186_name,pe⁴⁴/5,pe⁴⁴,p e ⁴⁴,,Chen2013,,
NorthernQiandong-186_name-1,,NorthernQiandong,186_name,zaŋ⁵⁵pi⁴⁴,zaŋ⁵⁵pi⁴⁴,z a ŋ ⁵⁵ + p i ⁴⁴,,Chen2013,,
WesternQiandong-186_name-1,,WesternQiandong,186_name,njaŋ⁵⁵poi³³,njaŋ⁵⁵poi³³,n j a ŋ ⁵⁵ + p oi ³³,,Chen2013,,
Baixing-186_name-1,,Baixing,186_name,pue³³/5,pue³³,p u e ³³,,Li2000,,
SouthernQiandong-186_name-1,,SouthernQiandong,186_name,pai⁴⁴,pai⁴⁴,p ai ⁴⁴,,Chen2013,,
Datu-186_name-1,,Datu,186_name,pe⁴⁴/5,pe⁴⁴,p e ⁴⁴,,Li2000,,
Xiangao-186_name-1,,Xiangao,186_name,puei³⁵/5,puei³⁵,p u e i ³⁵,,Li2000,,
NaMeoCaoBang-186_name-1,,NaMeoCaoBang,186_name,pɑi³⁵,pɑi³⁵,p ɑi ³⁵,,Edmondson2001,,
Yangpai-186_name-1,,Yangpai,186_name,pɑ²¹/5,pɑ²¹,p ɑ ²¹,,Li2000,,
EasternQiandong-186_name-1,,EasternQiandong,186_name,min²²tsɿ⁴⁴,min²²tsɿ⁴⁴,m i n ²² + ts ɿ ⁴⁴,,Chen2013,,
NaMeoTuyenQuang-186_name-1,,NaMeoTuyenQuang,186_name,pai³⁵,pai³⁵,p ai ³⁵,,Hsiu2015,,
Zhenmin-187_narrow-1,,Zhenmin,187_narrow,ŋɑ²¹²/8,ŋɑ²¹²,ŋ ɑ ²¹²,,Chen2013,,
NorthernQiandong-187_narrow-1,,NorthernQiandong,187_narrow,ŋi³¹,ŋi³¹,ŋ i ³¹,,Chen2013,,
WesternQiandong-187_narrow-1,,WesternQiandong,187_narrow,ŋe⁵³,ŋe⁵³,ŋ e ⁵³,,Chen2013,,
Baixing-187_narrow-1,,Baixing,187_narrow,ŋe⁵³/8,ŋe⁵³,ŋ e ⁵³,,Li2000,,
SouthernQiandong-187_narrow-1,,SouthernQiandong,187_narrow,ŋa²⁴,ŋa²⁴,ŋ a ²⁴,,Chen2013,,
Datu-187_narrow-1,,Datu,187_narrow,ŋɑ³⁵/8,ŋɑ³⁵,ŋ ɑ ³⁵,,Li2000,,
Xiangao-187_narrow-1,,Xiangao,187_narrow,ŋa²¹²/8,ŋa²¹²,ŋ a ²¹²,,Li2000,,
NaMeoCaoBang-187_narrow-1,,NaMeoCaoBang,187_narrow,ȵɛ³¹ʔ,ȵɛ³¹ʔ,ȵ ɛ ³¹ + ʔ,,Edmondson2001,,
Yangpai-187_narrow-1,,Yangpai,187_narrow,ŋei⁵³/8,ŋei⁵³,ŋ e i ⁵³,,Li2000,,
Guncen-187_narrow-1,,Guncen,187_narrow,ŋe8,ŋe8,ŋ e ⁸/³¹,,Committee2008,,
EasternQiandong-187_narrow-1,,EasternQiandong,187_narrow,ŋe¹³,ŋe¹³,ŋ e ¹³,,Chen2013,,
NaMeoTuyenQuang-187_narrow-1,,NaMeoTuyenQuang,187_narrow,ŋe³³,ŋe³³,ŋ e ³³,,Hsiu2015,,
NaMeoTuyenQuang-188_navel-1,,NaMeoTuyenQuang,188_navel,təu⁵³tɔ³⁵,təu⁵³tɔ³⁵,t əu ⁵³ + t ɔ ³⁵,,Hsiu2015,,
Zhenmin-189_near-1,,Zhenmin,189_near,ɣe⁴⁴/5,ɣe⁴⁴,ɣ e ⁴⁴,,Chen2013,,
NorthernQiandong-189_near-1,,NorthernQiandong,189_near,ɣi⁴⁴,ɣi⁴⁴,ɣ i ⁴⁴,,Chen2013,,
WesternQiandong-189_near-1,,WesternQiandong,189_near,ɣi³³,ɣi³³,ɣ i ³³,,Chen2013,,
Baixing-189_near-1,,Baixing,189_near,ɣi³³/5,ɣi³³,ɣ i ³³,,Li2000,,
SouthernQiandong-189_near-1,,SouthernQiandong,189_near,ɣei⁴⁴,ɣei⁴⁴,ɣ e i ⁴⁴,,Chen2013,,
Datu-189_near-1,,Datu,189_near,ɣe⁴⁴/5,ɣe⁴⁴,ɣ e ⁴⁴,,Li2000,,
Xiangao-189_near-1,,Xiangao,189_near,ɣei³⁵/5,ɣei³⁵,ɣ e i ³⁵,,Li2000,,
NaMeoCaoBang-189_near-1,,NaMeoCaoBang,189_near,gei³⁵,gei³⁵,g e i ³⁵,,Edmondson2001,,
Yangpai-189_near-1,,Yangpai,189_near,ɣi²¹/5,ɣi²¹,ɣ i ²¹,,Li2000,,
Guncen-189_near-1,,Guncen,189_near,ɣi5,ɣi5,ɣ i ⁵,,Committee2008,,
EasternQiandong-189_near-1,,EasternQiandong,189_near,ʑei⁴⁴,ʑei⁴⁴,ʑ e i ⁴⁴,,Chen2013,,
NaMeoTuyenQuang-189_near-1,,NaMeoTuyenQuang,189_near,gəi³⁵,gəi³⁵,g əi ³⁵,,Hsiu2015,,
NaMeoTuyenQuang-190_neck-1,,NaMeoTuyenQuang,190_neck,qɔŋ³³,qɔŋ³³,q ɔ ŋ ³³,,Hsiu2015,,
NaMeoTuyenQuang-191_needle-1,,NaMeoTuyenQuang,191_needle,tɕu⁵³,tɕu⁵³,tɕ u ⁵³,,Hsiu2015,,
NaMeoTuyenQuang-192_new-1,,NaMeoTuyenQuang,192_new,qhan⁵³,qhan⁵³,qʰ a n ⁵³,,Hsiu2015,,
NaMeoTuyenQuang-193_night-1,,NaMeoTuyenQuang,193_night,maŋ³⁵,maŋ³⁵,m a ŋ ³⁵,,Hsiu2015,,
Zhenmin-194_nose-1,,Zhenmin,194_nose,nza²²/6,nza²²,n z a ²²,,Chen2013,,
NorthernQiandong-194_nose-1,,NorthernQiandong,194_nose,po⁵⁵zɛ¹³,po⁵⁵zɛ¹³,p o ⁵⁵ + z ɛ ¹³,,Chen2013,,
WesternQiandong-194_nose-1,,WesternQiandong,194_nose,pɔ¹¹mja²²,pɔ¹¹mja²²,p ɔ ¹¹ + m j a ²²,,Chen2013,,
Baixing-194_nose-1,,Baixing,194_nose,mjɛ⁴²/2,mjɛ⁴²,m j ɛ ⁴²,,Li2000,,
SouthernQiandong-194_nose-1,,SouthernQiandong,194_nose,tjam³¹ȵo²²,tjam³¹ȵo²²,t j a m ³¹ + ȵ o ²²,,Chen2013,,
Datu-194_nose-1,,Datu,194_nose,nzau¹²/6,nzau¹²,n z a u ¹²,,Li2000,,
Xiangao-194_nose-1,,Xiangao,194_nose,ȵai⁵³/6,ȵai⁵³,ȵ ai ⁵³,,Li2000,,
NaMeoCaoBang-194_nose-1,,NaMeoCaoBang,194_nose,ȶɔŋ⁴⁴ŋoi³³,ȶɔŋ⁴⁴ŋoi³³,ȶ ɔ ŋ ⁴⁴ + ŋ oi ³³,,Edmondson2001,,
Yangpai-194_nose-1,,Yangpai,194_nose,nzu²³/6,nzu²³,n z u ²³,,Li2000,,
Guncen-194_nose-1,,Guncen,194_nose,qʰaŋ3ȵuə6,qʰaŋ3ȵuə6,qʰ a ŋ ³ + ȵ u ə ⁶/¹³,,Committee2008,,
EasternQiandong-194_nose-1,,EasternQiandong,194_nose,tjuŋ²⁴njy⁵³,tjuŋ²⁴njy⁵³,t j u ŋ ²⁴ n j y ⁵³,,Chen2013,,
NaMeoTuyenQuang-194_nose-1,,NaMeoTuyenQuang,194_nose,toŋ⁵⁵ŋui³³,toŋ⁵⁵ŋui³³,t o ŋ ⁵⁵ + ŋ u i ³³,,Hsiu2015,,
Zhenmin-195_oil-1,,Zhenmin,195_oil,ȶu⁵³/2,ȶu⁵³,ȶ u ⁵³,,Chen2013,,
NorthernQiandong-195_oil-1,,NorthernQiandong,195_oil,ʑu⁵⁵,ʑu⁵⁵,ʑ u ⁵⁵,,Chen2013,,
WesternQiandong-195_oil-1,,WesternQiandong,195_oil,ɣɔ⁴⁴,ɣɔ⁴⁴,ɣ ɔ ⁴⁴,,Chen2013,,
Baixing-195_oil-1,,Baixing,195_oil,ɕuɤ⁵⁵/2,ɕuɤ⁵⁵,ɕ u ɤ ⁵⁵,,Li2000,,
SouthernQiandong-195_oil-1,,SouthernQiandong,195_oil,ʑu¹³,ʑu¹³,ʑ u ¹³,,Chen2013,,
Datu-195_oil-1,,Datu,195_oil,ȶai²²/2,ȶai²²,ȶ ai ²²,,Li2000,,
Xiangao-195_oil-1,,Xiangao,195_oil,tɕo⁴²/2,tɕo⁴²,tɕ o ⁴²,,Li2000,,
NaMeoCaoBang-195_oil-1,,NaMeoCaoBang,195_oil,ju³¹ʔ,ju³¹ʔ,j u ³¹ + ʔ,,Edmondson2001,,
Yangpai-195_oil-1,,Yangpai,195_oil,ȶəu⁵⁵/2,ȶəu⁵⁵,ȶ əu ⁵⁵,,Li2000,,
EasternQiandong-195_oil-1,,EasternQiandong,195_oil,ʑeu²²,ʑeu²²,ʑ eu ²²,,Chen2013,,
NaMeoTuyenQuang-195_oil-1,,NaMeoTuyenQuang,195_oil,zu³³,zu³³,z u ³³,,Hsiu2015,,
NaMeoTuyenQuang-196_oldcu-1,,NaMeoTuyenQuang,196_oldcu,qau³⁵,qau³⁵,q a u ³⁵,,Hsiu2015,,
NaMeoTuyenQuang-197_oldgia-1,,NaMeoTuyenQuang,197_oldgia,lɔ⁵³,lɔ⁵³,l ɔ ⁵³,,Hsiu2015,,
NaMeoTuyenQuang-198_opento-1,,NaMeoTuyenQuang,198_opento,pɔ³⁵,pɔ³⁵,p ɔ ³⁵,,Hsiu2015,,
NaMeoTuyenQuang-199_oven-1,,NaMeoTuyenQuang,199_oven,tɕa³³tɔ⁵³,tɕa³³tɔ⁵³,tɕ a ³³ + t ɔ ⁵³,,Hsiu2015,,
NaMeoTuyenQuang-200_pig-1,,NaMeoTuyenQuang,200_pig,pai³⁵,pai³⁵,p ai ³⁵,,Hsiu2015,,
NaMeoTuyenQuang-201_plantto-1,,NaMeoTuyenQuang,201_plantto,tɕi⁵³,tɕi⁵³,tɕ i ⁵³,,Hsiu2015,,
NaMeoTuyenQuang-202_plate-1,,NaMeoTuyenQuang,202_plate,la³³ɬi⁵⁵,la³³ɬi⁵⁵,l a ³³ + ɬ i ⁵⁵,,Hsiu2015,,
NaMeoTuyenQuang-203_plow-1,,NaMeoTuyenQuang,203_plow,li³³,li³³,l i ³³,,Hsiu2015,,
NaMeoTuyenQuang-204_poor-1,,NaMeoTuyenQuang,204_poor,sa³⁵,sa³⁵,s a ³⁵,,Hsiu2015,,
NaMeoTuyenQuang-205_potato-1,,NaMeoTuyenQuang,205_potato,vɔ³³,vɔ³³,v ɔ ³³,,Hsiu2015,,
NaMeoTuyenQuang-206_pound-1,,NaMeoTuyenQuang,206_pound,tam⁵³,tam⁵³,t a m ⁵³,,Hsiu2015,,
NaMeoTuyenQuang-207_rain-1,,NaMeoTuyenQuang,207_rain,ta⁵⁵nɔŋ³³,ta⁵⁵nɔŋ³³,t a ⁵⁵ + n ɔ ŋ ³³,,Hsiu2015,,
NaMeoTuyenQuang-208_rainbow-1,,NaMeoTuyenQuang,208_rainbow,ta³³goŋ⁵⁵,ta³³goŋ⁵⁵,t a ³³ + g o ŋ ⁵⁵,,Hsiu2015,,
NaMeoTuyenQuang-209_rat-1,,NaMeoTuyenQuang,209_rat,naŋ⁵³,naŋ⁵³,n a ŋ ⁵³,,Hsiu2015,,
NaMeoTuyenQuang-210_red-1,,NaMeoTuyenQuang,210_red,tɕhin³⁵,tɕhin³⁵,tɕ h i n ³⁵,,Hsiu2015,,
NaMeoTuyenQuang-211_ricecooked-1,,NaMeoTuyenQuang,211_ricecooked,ȵa⁵³,ȵa⁵³,ȵ a ⁵³,,Hsiu2015,,
NaMeoTuyenQuang-212_ricegrain-1,,NaMeoTuyenQuang,212_ricegrain,sa³³,sa³³,s a ³³,,Hsiu2015,,
NaMeoTuyenQuang-213_riceplant-1,,NaMeoTuyenQuang,213_riceplant,nai⁵⁵,nai⁵⁵,n ai ⁵⁵,,Hsiu2015,,
NaMeoTuyenQuang-214_rich-1,,NaMeoTuyenQuang,214_rich,ɬa³³,ɬa³³,ɬ a ³³,,Hsiu2015,,
NaMeoTuyenQuang-215_right-1,,NaMeoTuyenQuang,215_right,tjɔ³³,tjɔ³³,t j ɔ ³³,,Hsiu2015,,
NaMeoTuyenQuang-216_rightside-1,,NaMeoTuyenQuang,216_rightside,tɕei⁵³ɣəu³³,tɕei⁵³ɣəu³³,tɕ e i ⁵³ + ɣ əu ³³,,Hsiu2015,,
NaMeoTuyenQuang-217_ripe-1,,NaMeoTuyenQuang,217_ripe,pai⁵³ɕin³³,pai⁵³ɕin³³,p ai ⁵³ + ɕ i n ³³,,Hsiu2015,,
NaMeoTuyenQuang-218_road-1,,NaMeoTuyenQuang,218_road,qəi⁵⁵,qəi⁵⁵,q əi ⁵⁵,,Hsiu2015,,
NaMeoTuyenQuang-219_roof-1,,NaMeoTuyenQuang,219_roof,toŋ³⁵tɕai³³,toŋ³⁵tɕai³³,t o ŋ ³⁵ + tɕ ai ³³,,Hsiu2015,,
NaMeoTuyenQuang-220_rooster-1,,NaMeoTuyenQuang,220_rooster,pi⁵⁵qai³³lɔ⁵³,pi⁵⁵qai³³lɔ⁵³,p i ⁵⁵ + q ai ³³ + l ɔ ⁵³,,Hsiu2015,,
NaMeoTuyenQuang-221_root-1,,NaMeoTuyenQuang,221_root,tcoŋ⁵⁵,tcoŋ⁵⁵,t c o ŋ ⁵⁵,,Hsiu2015,,
Zhenmin-222_rope-1,,Zhenmin,222_rope,la⁴⁴/5,la⁴⁴,l a ⁴⁴,,Chen2013,,
NorthernQiandong-222_rope-1,,NorthernQiandong,222_rope,ɬʰa⁴⁴,ɬʰa⁴⁴,ɬʰ a ⁴⁴,,Chen2013,,
WesternQiandong-222_rope-1,,WesternQiandong,222_rope,læ³³,læ³³,l æ ³³,,Chen2013,,
Baixing-222_rope-1,,Baixing,222_rope,lɛ³³/5,lɛ³³,l ɛ ³³,,Li2000,,
SouthernQiandong-222_rope-1,,SouthernQiandong,222_rope,tɬo⁴⁴,tɬo⁴⁴,tɬ o ⁴⁴,,Chen2013,,
Datu-222_rope-1,,Datu,222_rope,ɬo³⁵/5,ɬo³⁵,ɬ o ³⁵,,Li2000,,
Xiangao-222_rope-1,,Xiangao,222_rope,ɬai⁴⁴/5,ɬai⁴⁴,ɬ ai ⁴⁴,,Li2000,,
NaMeoCaoBang-222_rope-1,,NaMeoCaoBang,222_rope,ɬɑ³⁵,ɬɑ³⁵,ɬ ɑ ³⁵,,Edmondson2001,,
Yangpai-222_rope-1,,Yangpai,222_rope,le²¹/5,le²¹,l e ²¹,,Li2000,,
EasternQiandong-222_rope-1,,EasternQiandong,222_rope,lɛ⁴⁴,lɛ⁴⁴,l ɛ ⁴⁴,,Chen2013,,
NaMeoTuyenQuang-222_rope-1,,NaMeoTuyenQuang,222_rope,moŋ¹¹,moŋ¹¹,m o ŋ ¹¹,,Hsiu2015,,
NaMeoTuyenQuang-223_rotten-1,,NaMeoTuyenQuang,223_rotten,lui⁵⁵,lui⁵⁵,l u i ⁵⁵,,Hsiu2015,,
NaMeoTuyenQuang-224_sad-1,,NaMeoTuyenQuang,224_sad,tɕan³⁵,tɕan³⁵,tɕ a n ³⁵,,Hsiu2015,,
NaMeoTuyenQuang-225_salt-1,,NaMeoTuyenQuang,225_salt,tɕei³³qa⁵³,tɕei³³qa⁵³,tɕ e i ³³ + q a ⁵³,,Hsiu2015,,
NaMeoTuyenQuang-226_salty-1,,NaMeoTuyenQuang,226_salty,han³⁵,han³⁵,h a n ³⁵,,Hsiu2015,,
NaMeoTuyenQuang-227_sand-1,,NaMeoTuyenQuang,227_sand,"ɣei³³sʰai³⁵, qai³⁵",ɣei³³sʰai³⁵,ɣ e i ³³ + sʰ ai ³⁵,,Hsiu2015,,
NaMeoTuyenQuang-228_second2-1,,NaMeoTuyenQuang,228_second2,tɕu³³ɔ⁵³,tɕu³³ɔ⁵³,tɕ u ³³ + ɔ ⁵³,,Hsiu2015,,
NaMeoTuyenQuang-229_see-1,,NaMeoTuyenQuang,229_see,pu³³,pu³³,p u ³³,,Hsiu2015,,
NaMeoTuyenQuang-230_sell-1,,NaMeoTuyenQuang,230_sell,ma⁵³,ma⁵³,m a ⁵³,,Hsiu2015,,
NaMeoTuyenQuang-231_sew-1,,NaMeoTuyenQuang,231_sew,mai³⁵,mai³⁵,m ai ³⁵,,Hsiu2015,,
NaMeoTuyenQuang-232_sharp-1,,NaMeoTuyenQuang,232_sharp,ɣa³³,ɣa³³,ɣ a ³³,,Hsiu2015,,
NaMeoTuyenQuang-233_sheep-1,,NaMeoTuyenQuang,233_sheep,ta⁵³le³³,ta⁵³le³³,t a ⁵³ + l e ³³,,Hsiu2015,,
NaMeoTuyenQuang-234_shirt-1,,NaMeoTuyenQuang,234_shirt,ɔ³³tai³³,ɔ³³tai³³,ɔ ³³ + t ai ³³,,Hsiu2015,,
NaMeoTuyenQuang-235_show-1,,NaMeoTuyenQuang,235_show,hai⁵³,hai⁵³,h ai ⁵³,,Hsiu2015,,
NaMeoTuyenQuang-236_shoot-1,,NaMeoTuyenQuang,236_shoot,mu⁵³paŋ³³,mu⁵³paŋ³³,m u ⁵³ + p a ŋ ³³,,Hsiu2015,,
Zhenmin-237_short-1,,Zhenmin,237_short,lɑ³⁵/3,lɑ³⁵,l ɑ ³⁵,,Chen2013,,
NorthernQiandong-237_short-1,,NorthernQiandong,237_short,lɛ³⁵,lɛ³⁵,l ɛ ³⁵,,Chen2013,,
WesternQiandong-237_short-1,,WesternQiandong,237_short,lei¹³,lei¹³,l e i ¹³,,Chen2013,,
Baixing-237_short-1,,Baixing,237_short,lei¹³/3,lei¹³,l e i ¹³,,Li2000,,
SouthernQiandong-237_short-1,,SouthernQiandong,237_short,lo⁵³,lo⁵³,l o ⁵³,,Chen2013,,
Datu-237_short-1,,Datu,237_short,leŋ³³/2,leŋ³³,l e ŋ ³³,,Li2000,,
Xiangao-237_short-1,,Xiangao,237_short,la²²/3,la²²,l a ²²,,Li2000,,
NaMeoCaoBang-237_short-1,,NaMeoCaoBang,237_short,lɑ³⁵,lɑ³⁵,l ɑ ³⁵,,Edmondson2001,,
Yangpai-237_short-1,,Yangpai,237_short,lɛ⁴⁴/3,lɛ⁴⁴,l ɛ ⁴⁴,,Li2000,,
Guncen-237_short-1,,Guncen,237_short,la3,la3,l a ³,,Committee2008,,
EasternQiandong-237_short-1,,EasternQiandong,237_short,lei³³,lei³³,l e i ³³,,Chen2013,,
NaMeoTuyenQuang-237_short-1,,NaMeoTuyenQuang,237_short,la³³,la³³,l a ³³,,Hsiu2015,,
NaMeoTuyenQuang-238_shoulder-1,,NaMeoTuyenQuang,238_shoulder,ku³³tɕəi⁵³,ku³³tɕəi⁵³,k u ³³ + tɕ əi ⁵³,,Hsiu2015,,
NaMeoTuyenQuang-239_shrimp-1,,NaMeoTuyenQuang,239_shrimp,kin³³qhɔŋ⁵³,kin³³qhɔŋ⁵³,k i n ³³ + qʰ ɔ ŋ ⁵³,,Hsiu2015,,
NaMeoTuyenQuang-240_sick-1,,NaMeoTuyenQuang,240_sick,tɕin⁵⁵tɕəŋ³³,tɕin⁵⁵tɕəŋ³³,tɕ i n ⁵⁵ + tɕ ə ŋ ³³,,Hsiu2015,,
NaMeoTuyenQuang-241_silver-1,,NaMeoTuyenQuang,241_silver,saŋ⁵⁵khɬɔ³³,saŋ⁵⁵khɬɔ³³,s a ŋ ⁵⁵ + kʰ ɬ ɔ ³³,,Hsiu2015,,
NaMeoTuyenQuang-242_sit-1,,NaMeoTuyenQuang,242_sit,ȵaŋ³³tai⁵³,ȵaŋ³³tai⁵³,ȵ a ŋ ³³ + t ai ⁵³,,Hsiu2015,,
NaMeoTuyenQuang-243_skin-1,,NaMeoTuyenQuang,243_skin,lu³⁵,lu³⁵,l u ³⁵,,Hsiu2015,,
NaMeoTuyenQuang-244_skirt-1,,NaMeoTuyenQuang,244_skirt,tau⁵³thəu³³,tau⁵³thəu³³,t a u ⁵³ + th əu ³³,,Hsiu2015,,
NaMeoTuyenQuang-245_sky-1,,NaMeoTuyenQuang,245_sky,va⁵⁵,va⁵⁵,v a ⁵⁵,,Hsiu2015,,
NaMeoTuyenQuang-246_sleep-1,,NaMeoTuyenQuang,246_sleep,pi³⁵,pi³⁵,p i ³⁵,,Hsiu2015,,
NaMeoTuyenQuang-247_small-1,,NaMeoTuyenQuang,247_small,la³³zu³⁵,la³³zu³⁵,l a ³³ + z u ³⁵,,Hsiu2015,,
NaMeoTuyenQuang-248_smoke-1,,NaMeoTuyenQuang,248_smoke,nou³³ȵu³⁵,nou³³ȵu³⁵,n ou ³³ + ȵ u ³⁵,,Hsiu2015,,
NaMeoTuyenQuang-249_snake-1,,NaMeoTuyenQuang,249_snake,naŋ⁵³,naŋ⁵³,n a ŋ ⁵³,,Hsiu2015,,
NaMeoTuyenQuang-250_sniffsmell-1,,NaMeoTuyenQuang,250_sniffsmell,maŋ³⁵,maŋ³⁵,m a ŋ ³⁵,,Hsiu2015,,
NaMeoTuyenQuang-251_snow-1,,NaMeoTuyenQuang,251_snow,khai³³u¹¹pa³⁵,khai³³u¹¹pa³⁵,kʰ ai ³³ + u ¹¹ + p a ³⁵,,Hsiu2015,,
NaMeoTuyenQuang-252_son-1,,NaMeoTuyenQuang,252_son,ta⁵³tɕin³³,ta⁵³tɕin³³,t a ⁵³ + tɕ i n ³³,,Hsiu2015,,
Zhenmin-253_sour-1,,Zhenmin,253_sour,ɕu³³/1,ɕu³³,ɕ u ³³,,Chen2013,,
NorthernQiandong-253_sour-1,,NorthernQiandong,253_sour,ɕʰu³³,ɕʰu³³,ɕʰ u ³³,,Chen2013,,
WesternQiandong-253_sour-1,,WesternQiandong,253_sour,ɕʰu⁴⁴,ɕʰu⁴⁴,ɕʰ u ⁴⁴,,Chen2013,,
Baixing-253_sour-1,,Baixing,253_sour,ɕʰuɤ⁴⁴/1,ɕʰuɤ⁴⁴,ɕʰ u ɤ ⁴⁴,,Li2000,,
SouthernQiandong-253_sour-1,,SouthernQiandong,253_sour,ɕu¹³,ɕu¹³,ɕ u ¹³,,Chen2013,,
Datu-253_sour-1,,Datu,253_sour,ɕu³³/1,ɕu³³,ɕ u ³³,,Li2000,,
Xiangao-253_sour-1,,Xiangao,253_sour,ɕo³³/1,ɕo³³,ɕ o ³³,,Li2000,,
NaMeoCaoBang-253_sour-1,,NaMeoCaoBang,253_sour,ɕu³³,ɕu³³,ɕ u ³³,,Edmondson2001,,
Yangpai-253_sour-1,,Yangpai,253_sour,ɕu³³/1,ɕu³³,ɕ u ³³,,Li2000,,
EasternQiandong-253_sour-1,,EasternQiandong,253_sour,ɕeu²⁴,ɕeu²⁴,ɕ eu ²⁴,,Chen2013,,
NaMeoTuyenQuang-253_sour-1,,NaMeoTuyenQuang,253_sour,sʰu⁵³,sʰu⁵³,sʰ u ⁵³,,Hsiu2015,,
NaMeoTuyenQuang-254_spider-1,,NaMeoTuyenQuang,254_spider,kin³³qe³³,kin³³qe³³,k i n ³³ + q e ³³,,Hsiu2015,,
NaMeoTuyenQuang-255_standup-1,,NaMeoTuyenQuang,255_standup,shɔ³³va⁵⁵,shɔ³³va⁵⁵,sʰ ɔ ³³ + v a ⁵⁵,,Hsiu2015,,
Zhenmin-256_star-1,,Zhenmin,256_star,qɑ³³/1,qɑ³³,q ɑ ³³,,Chen2013,,
NorthernQiandong-256_star-1,,NorthernQiandong,256_star,tɛ³³qɛ³³,tɛ³³qɛ³³,t ɛ ³³ + q ɛ ³³,,Chen2013,,
WesternQiandong-256_star-1,,WesternQiandong,256_star,tei⁴⁴qei⁴⁴,tei⁴⁴qei⁴⁴,t e i ⁴⁴ + q e i ⁴⁴,,Chen2013,,
Baixing-256_star-1,,Baixing,256_star,qei⁴⁴/5,qei⁴⁴,q e i ⁴⁴,,Li2000,,
SouthernQiandong-256_star-1,,SouthernQiandong,256_star,to³¹qo¹³,to³¹qo¹³,t o ³¹ + q o ¹³,,Chen2013,,
Datu-256_star-1,,Datu,256_star,qeŋ²⁴/1,qeŋ²⁴,q e ŋ ²⁴,,Li2000,,
Xiangao-256_star-1,,Xiangao,256_star,qa³³/1,qa³³,q a ³³,,Li2000,,
NaMeoCaoBang-256_star-1,,NaMeoCaoBang,256_star,tɑ³³qɑ³³,tɑ³³qɑ³³,t ɑ ³³ + q ɑ ³³,,Edmondson2001,,
Yangpai-256_star-1,,Yangpai,256_star,qɛ³³/1,qɛ³³,q ɛ ³³,,Li2000,,
Guncen-256_star-1,,Guncen,256_star,ta1qa1,ta1qa1,t a ¹ + q a ¹,,Committee2008,,
EasternQiandong-256_star-1,,EasternQiandong,256_star,qei²⁴qei²⁴,qei²⁴qei²⁴,q e i ²⁴ q e i ²⁴,,Chen2013,,
NaMeoTuyenQuang-256_star-1,,NaMeoTuyenQuang,256_star,ta⁵⁵qa³³,ta⁵⁵qa³³,t a ⁵⁵ + q a ³³,,Hsiu2015,,
NaMeoTuyenQuang-257_steal-1,,NaMeoTuyenQuang,257_steal,a⁵⁵ȵin³³,a⁵⁵ȵin³³,a ⁵⁵ + ȵ i n ³³,,Hsiu2015,,
Zhenmin-258_stone-1,,Zhenmin,258_stone,ɣe³³/5,ɣe³³,ɣ e ³³,,Chen2013,,
NorthernQiandong-258_stone-1,,NorthernQiandong,258_stone,ɣi³³,ɣi³³,ɣ i ³³,,Chen2013,,
WesternQiandong-258_stone-1,,WesternQiandong,258_stone,pɔ¹³ɣi⁴⁴,pɔ¹³ɣi⁴⁴,p ɔ ¹³ ɣ i ⁴⁴,,Chen2013,,
Baixing-258_stone-1,,Baixing,258_stone,ɣi²⁴/1,ɣi²⁴,ɣ i ²⁴,,Li2000,,
SouthernQiandong-258_stone-1,,SouthernQiandong,258_stone,ɣei¹³,ɣei¹³,ɣ e i ¹³,,Chen2013,,
Datu-258_stone-1,,Datu,258_stone,ɣe²⁴/1,ɣe²⁴,ɣ e ²⁴,,Li2000,,
Xiangao-258_stone-1,,Xiangao,258_stone,ɣei³³/1,ɣei³³,ɣ e i ³³,,Li2000,,
NaMeoCaoBang-258_stone-1,,NaMeoCaoBang,258_stone,ge³³,ge³³,g e ³³,,Edmondson2001,,
Yangpai-258_stone-1,,Yangpai,258_stone,ɣi³³/1,ɣi³³,ɣ i ³³,,Li2000,,
Guncen-258_stone-1,,Guncen,258_stone,ɣi1,ɣi1,ɣ i ¹,,Committee2008,,
EasternQiandong-258_stone-1,,EasternQiandong,258_stone,ʑei²⁴,ʑei²⁴,ʑ e i ²⁴,,Chen2013,,
NaMeoTuyenQuang-258_stone-1,,NaMeoTuyenQuang,258_stone,gəi⁵³,gəi⁵³,g əi ⁵³,,Hsiu2015,,
NaMeoTuyenQuang-259_storm-1,,NaMeoTuyenQuang,259_storm,khɔ³³tɕi³⁵,khɔ³³tɕi³⁵,kʰ ɔ ³³ + tɕ i ³⁵,,Hsiu2015,,
NaMeoTuyenQuang-260_strong-1,,NaMeoTuyenQuang,260_strong,aŋ³³qəu²²,aŋ³³qəu²²,a ŋ ³³ + q əu ²²,,Hsiu2015,,
NaMeoTuyenQuang-261_stupid-1,,NaMeoTuyenQuang,261_stupid,va³³,va³³,v a ³³,,Hsiu2015,,
NaMeoTuyenQuang-262_suck-1,,NaMeoTuyenQuang,262_suck,u³⁵,u³⁵,u ³⁵,,Hsiu2015,,
NaMeoTuyenQuang-263_sugarcane-1,,NaMeoTuyenQuang,263_sugarcane,təu³⁵taŋ³³,təu³⁵taŋ³³,t əu ³⁵ + t a ŋ ³³,,Hsiu2015,,
NaMeoTuyenQuang-264_summerwetseason-1,,NaMeoTuyenQuang,264_summerwetseason,mua³³qha³³,mua³³qha³³,m u a ³³ + qʰ a ³³,,Hsiu2015,,
Zhenmin-265_sun-1,,Zhenmin,265_sun,na³³/1,na³³,n a ³³,,Chen2013,,
NorthernQiandong-265_sun-1,,NorthernQiandong,265_sun,n̥ɛ³³,n̥ɛ³³,n̥ ɛ ³³,,Chen2013,,
WesternQiandong-265_sun-1,,WesternQiandong,265_sun,pɔ¹¹nei⁴⁴,pɔ¹¹nei⁴⁴,p ɔ ¹¹ + n e i ⁴⁴,,Chen2013,,
Baixing-265_sun-1,,Baixing,265_sun,nei⁴⁴/1,nei⁴⁴,n e i ⁴⁴,,Li2000,,
SouthernQiandong-265_sun-1,,SouthernQiandong,265_sun,n̥o¹³,n̥o¹³,n̥ o ¹³,,Chen2013,,
Datu-265_sun-1,,Datu,265_sun,n̥oŋ²⁴/1,n̥oŋ²⁴,n̥ o ŋ ²⁴,,Li2000,,
Xiangao-265_sun-1,,Xiangao,265_sun,neŋ³³/1,neŋ³³,n e ŋ ³³,,Li2000,,
NaMeoCaoBang-265_sun-1,,NaMeoCaoBang,265_sun,lɑ³³nɑ³³,lɑ³³nɑ³³,l ɑ ³³ + n ɑ ³³,,Edmondson2001,,
Yangpai-265_sun-1,,Yangpai,265_sun,nɛ³³/1,nɛ³³,n ɛ ³³,,Li2000,,
Guncen-265_sun-1,,Guncen,265_sun,la1na1,la1na1,l a ¹ + n a ¹,,Committee2008,,
EasternQiandong-265_sun-1,,EasternQiandong,265_sun,qʰaŋ³³nei²⁴,qʰaŋ³³nei²⁴,qʰ a ŋ ³³ + n e i ²⁴,,Chen2013,,
NaMeoTuyenQuang-265_sun-1,,NaMeoTuyenQuang,265_sun,thau³³na³³,thau³³na³³,tʰ a u ³³ + n a ³³,,Hsiu2015,,
NaMeoTuyenQuang-266_sweet-1,,NaMeoTuyenQuang,266_sweet,qan⁵³,qan⁵³,q a n ⁵³,,Hsiu2015,,
NaMeoTuyenQuang-267_table-1,,NaMeoTuyenQuang,267_table,la³³baŋ⁵³,la³³baŋ⁵³,l a ³³ + b a ŋ ⁵³,,Hsiu2015,,
Zhenmin-268_tail-1,,Zhenmin,268_tail,ta³⁵/3,ta³⁵,t a ³⁵,,Chen2013,,
NorthernQiandong-268_tail-1,,NorthernQiandong,268_tail,qa³³tɛ³⁵,qa³³tɛ³⁵,q a ³³ + t ɛ ³⁵,,Chen2013,,
WesternQiandong-268_tail-1,,WesternQiandong,268_tail,qa³³tua¹³,qa³³tua¹³,q a ³³ + t u a ¹³,,Chen2013,,
Baixing-268_tail-1,,Baixing,268_tail,tuɛ¹³/3,tuɛ¹³,t u ɛ ¹³,,Li2000,,
SouthernQiandong-268_tail-1,,SouthernQiandong,268_tail,tɔ⁵³,tɔ⁵³,t ɔ ⁵³,,Chen2013,,
Datu-268_tail-1,,Datu,268_tail,tau³³/3,tau³³,t a u ³³,,Li2000,,
Xiangao-268_tail-1,,Xiangao,268_tail,tai²²/3,tai²²,t ai ²²,,Li2000,,
NaMeoCaoBang-268_tail-1,,NaMeoCaoBang,268_tail,tõi³⁵⁴,tõi³⁵⁴,t õ i ³⁵⁴,,Edmondson2001,,
Yangpai-268_tail-1,,Yangpai,268_tail,tɑ⁴⁴/3,tɑ⁴⁴,t ɑ ⁴⁴,,Li2000,,
EasternQiandong-268_tail-1,,EasternQiandong,268_tail,qa³³tue³³,qa³³tue³³,q a ³³ + t u e ³³,,Chen2013,,
NaMeoTuyenQuang-268_tail-1,,NaMeoTuyenQuang,268_tail,tui⁵⁵,tui⁵⁵,t u i ⁵⁵,,Hsiu2015,,
NaMeoTuyenQuang-269_tall-1,,NaMeoTuyenQuang,269_tall,qhaŋ⁵³,qhaŋ⁵³,qʰ a ŋ ⁵³,,Hsiu2015,,
NaMeoTuyenQuang-270_termite-1,,NaMeoTuyenQuang,270_termite,kin³³qui³⁵,kin³³qui³⁵,k i n ³³ + q u i ³⁵,,Hsiu2015,,
NaMeoTuyenQuang-271_that-1,,NaMeoTuyenQuang,271_that,ka³³mɔ⁵³,ka³³mɔ⁵³,k a ³³ + m ɔ ⁵³,,Hsiu2015,,
NaMeoTuyenQuang-272_they-1,,NaMeoTuyenQuang,272_they,tja⁵³,tja⁵³,t j a ⁵³,,Hsiu2015,,
Zhenmin-273_thick-1,,Zhenmin,273_thick,ta³³/1,ta³³,t a ³³,,Chen2013,,
NorthernQiandong-273_thick-1,,NorthernQiandong,273_thick,ta³³,ta³³,t a ³³,,Chen2013,,
WesternQiandong-273_thick-1,,WesternQiandong,273_thick,tæ⁴⁴,tæ⁴⁴,t æ ⁴⁴,,Chen2013,,
Baixing-273_thick-1,,Baixing,273_thick,tɛ⁴⁴/1,tɛ⁴⁴,t ɛ ⁴⁴,,Li2000,,
SouthernQiandong-273_thick-1,,SouthernQiandong,273_thick,tɛ¹³,tɛ¹³,t ɛ ¹³,,Chen2013,,
Datu-273_thick-1,,Datu,273_thick,tei²⁴/1,tei²⁴,t e i ²⁴,,Li2000,,
Xiangao-273_thick-1,,Xiangao,273_thick,tai³³/1,tai³³,t ai ³³,,Li2000,,
Yangpai-273_thick-1,,Yangpai,273_thick,te³³/1,te³³,t e ³³,,Li2000,,
Guncen-273_thick-1,,Guncen,273_thick,tɛ1,tɛ1,t ɛ ¹,,Committee2008,,
EasternQiandong-273_thick-1,,EasternQiandong,273_thick,tɛ²⁴,tɛ²⁴,t ɛ ²⁴,,Chen2013,,
NaMeoTuyenQuang-273_thick-1,,NaMeoTuyenQuang,273_thick,tai⁵³,tai⁵³,t ai ⁵³,,Hsiu2015,,
Zhenmin-274_thin-1,,Zhenmin,274_thin,ȵʑeŋ²¹/4,ȵʑeŋ²¹,ȵ ʑ e ŋ ²¹,,Chen2013,,
NorthernQiandong-274_thin-1,,NorthernQiandong,274_thin,njaŋ¹¹,njaŋ¹¹,n j a ŋ ¹¹,,Chen2013,,
WesternQiandong-274_thin-1,,WesternQiandong,274_thin,nje²¹,nje²¹,n j e ²¹,,Chen2013,,
Baixing-274_thin-1,,Baixing,274_thin,ȵe²⁴/4,ȵe²⁴,ȵ e ²⁴,,Li2000,,
SouthernQiandong-274_thin-1,,SouthernQiandong,274_thin,ȵan²⁴¹,ȵan²⁴¹,ȵ a n ²⁴¹,,Chen2013,,
Datu-274_thin-1,,Datu,274_thin,ȵɑŋ²¹/4,ȵɑŋ²¹,ȵ ɑ ŋ ²¹,,Li2000,,
Xiangao-274_thin-1,,Xiangao,274_thin,ȵan²¹/4,ȵan²¹,ȵ a n ²¹,,Li2000,,
Yangpai-274_thin-1,,Yangpai,274_thin,ȵe²²/4,ȵe²²,ȵ e ²²,,Li2000,,
Guncen-274_thin-1,,Guncen,274_thin,ȵiŋ4,ȵiŋ4,ȵ i ŋ ⁴,,Committee2008,,
EasternQiandong-274_thin-1,,EasternQiandong,274_thin,njan²¹²,njan²¹²,n j a n ²¹²,,Chen2013,,
NaMeoTuyenQuang-274_thin-1,,NaMeoTuyenQuang,274_thin,ȵiŋ⁵³,ȵiŋ⁵³,ȵ i ŋ ⁵³,,Hsiu2015,,
Zhenmin-275_this-1,,Zhenmin,275_this,nɑ³⁵/3,nɑ³⁵,n ɑ ³⁵,,Chen2013,,
NorthernQiandong-275_this-1,,NorthernQiandong,275_this,noŋ³⁵,noŋ³⁵,n o ŋ ³⁵,,Chen2013,,
WesternQiandong-275_this-1,,WesternQiandong,275_this,naŋ¹³,naŋ¹³,n a ŋ ¹³,,Chen2013,,
Baixing-275_this-1,,Baixing,275_this,naŋ¹³/3,naŋ¹³,n a ŋ ¹³,,Li2000,,
SouthernQiandong-275_this-1,,SouthernQiandong,275_this,na⁵³,na⁵³,n a ⁵³,,Chen2013,,
Datu-275_this-1,,Datu,275_this,nɑu³³/3,nɑu³³,n ɑ u ³³,,Li2000,,
Xiangao-275_this-1,,Xiangao,275_this,neŋ²²/2,neŋ²²,n e ŋ ²²,,Li2000,,
NaMeoCaoBang-275_this-1,,NaMeoCaoBang,275_this,nɔ⁵³,nɔ⁵³,n ɔ ⁵³,,Edmondson2001,,
Yangpai-275_this-1,,Yangpai,275_this,nɑŋ⁴⁴/3,nɑŋ⁴⁴,n ɑ ŋ ⁴⁴,,Li2000,,
EasternQiandong-275_this-1,,EasternQiandong,275_this,neŋ³³,neŋ³³,n e ŋ ³³,,Chen2013,,
NaMeoTuyenQuang-275_this-1,,NaMeoTuyenQuang,275_this,nəŋ⁵⁵,nəŋ⁵⁵,n ə ŋ ⁵⁵,,Hsiu2015,,
Zhenmin-276_thunder-1,,Zhenmin,276_thunder,ho³³/1,ho³³,h o ³³,,Chen2013,,
NorthernQiandong-276_thunder-1,,NorthernQiandong,276_thunder,ho³³,ho³³,h o ³³,,Chen2013,,
WesternQiandong-276_thunder-1,,WesternQiandong,276_thunder,heɯ⁴⁴,heɯ⁴⁴,h eɯ ⁴⁴,,Chen2013,,
Baixing-276_thunder-1,,Baixing,276_thunder,hɤu⁴⁴/1,hɤu⁴⁴,h ɤ u ⁴⁴,,Li2000,,
SouthernQiandong-276_thunder-1,,SouthernQiandong,276_thunder,pu⁴⁴fu¹³,pu⁴⁴fu¹³,p u ⁴⁴ + f u ¹³,,Chen2013,,
Datu-276_thunder-1,,Datu,276_thunder,pʰo³⁴/1,pʰo³⁴,pʰ o ³⁴,,Li2000,,
Xiangao-276_thunder-1,,Xiangao,276_thunder,hɑu³³/1,hɑu³³,h ɑ u ³³,,Li2000,,
NaMeoCaoBang-276_thunder-1,,NaMeoCaoBang,276_thunder,u³³tɑi²⁴,u³³tɑi²⁴,u ³³ + t ɑi ²⁴,,Edmondson2001,,
Yangpai-276_thunder-1,,Yangpai,276_thunder,fu³³/1,fu³³,f u ³³,,Li2000,,
Guncen-276_thunder-1,,Guncen,276_thunder,hau1,hau1,h a u ¹,,Committee2008,,
EasternQiandong-276_thunder-1,,EasternQiandong,276_thunder,hou²⁴,hou²⁴,h ou ²⁴,,Chen2013,,
NaMeoTuyenQuang-276_thunder-1,,NaMeoTuyenQuang,276_thunder,pəu³⁵hau³³,pəu³⁵hau³³,p əu ³⁵ + h a u ³³,,Hsiu2015,,
NaMeoTuyenQuang-277_tick-1,,NaMeoTuyenQuang,277_tick,lui³³,lui³³,l u i ³³,,Hsiu2015,,
NaMeoTuyenQuang-278_tongue-1,,NaMeoTuyenQuang,278_tongue,ne¹¹,ne¹¹,n e ¹¹,,Hsiu2015,,
Zhenmin-279_tooth-1,,Zhenmin,279_tooth,mɑŋ³⁵/3,mɑŋ³⁵,m ɑ ŋ ³⁵,,Chen2013,,
NorthernQiandong-279_tooth-1,,NorthernQiandong,279_tooth,m̥ i³⁵,m̥ i³⁵,m̥ + i ³⁵,,Chen2013,,
WesternQiandong-279_tooth-1,,WesternQiandong,279_tooth,me¹³,me¹³,m e ¹³,,Chen2013,,
Baixing-279_tooth-1,,Baixing,279_tooth,me¹³/3,me¹³,m e ¹³,,Li2000,,
SouthernQiandong-279_tooth-1,,SouthernQiandong,279_tooth,kwe⁴⁴,kwe⁴⁴,kʷ e ⁴⁴,,Chen2013,,
Datu-279_tooth-1,,Datu,279_tooth,m̥ ei³³/3,m̥ ei³³,m̥ + e i ³³,,Li2000,,
Xiangao-279_tooth-1,,Xiangao,279_tooth,me²²/3,me²²,m e ²²,,Li2000,,
NaMeoCaoBang-279_tooth-1,,NaMeoCaoBang,279_tooth,mɑŋ̃ ⁴⁵³,mɑŋ̃ ⁴⁵³,m ɑ ŋ̃ + ⁴⁵³,,Edmondson2001,,
Yangpai-279_tooth-1,,Yangpai,279_tooth,mei⁴⁴/3,mei⁴⁴,m e i ⁴⁴,,Li2000,,
Guncen-279_tooth-1,,Guncen,279_tooth,tsəi3ma6,tsəi3ma6,ts əi ³ + m a ⁶/¹³,,Committee2008,,
EasternQiandong-279_tooth-1,,EasternQiandong,279_tooth,mi³³,mi³³,m i ³³,,Chen2013,,
NaMeoTuyenQuang-279_tooth-1,,NaMeoTuyenQuang,279_tooth,maŋ³³,maŋ³³,m a ŋ ³³,,Hsiu2015,,
NaMeoTuyenQuang-280_tree-1,,NaMeoTuyenQuang,280_tree,təu³⁵,təu³⁵,t əu ³⁵,,Hsiu2015,,
NaMeoTuyenQuang-281_trousers-1,,NaMeoTuyenQuang,281_trousers,tau⁵³,tau⁵³,t a u ⁵³,,Hsiu2015,,
NaMeoTuyenQuang-282_turtle-1,,NaMeoTuyenQuang,282_turtle,ta⁵³tau³³,ta⁵³tau³³,t a ⁵³ + t a u ³³,,Hsiu2015,,
NaMeoTuyenQuang-283_unripe-1,,NaMeoTuyenQuang,283_unripe,pai⁵³ɕin³³?,pai⁵³ɕin³³?,p ai ⁵³ + ɕ i n ³³ + ʔ,,Hsiu2015,,
NaMeoTuyenQuang-284_vegetable-1,,NaMeoTuyenQuang,284_vegetable,ɣɔ³¹,ɣɔ³¹,ɣ ɔ ³¹,,Hsiu2015,,
NaMeoTuyenQuang-285_villagenamekhuanhe-1,,NaMeoTuyenQuang,285_villagenamekhuanhe,khwəŋ³³hɛ⁵⁵,khwəŋ³³hɛ⁵⁵,kʰʷ ə ŋ ³³ + h ɛ ⁵⁵,,Hsiu2015,,
NaMeoTuyenQuang-286_wall-1,,NaMeoTuyenQuang,286_wall,soŋ⁵⁵tja⁵⁵,soŋ⁵⁵tja⁵⁵,s o ŋ ⁵⁵ + t j a ⁵⁵,,Hsiu2015,,
NaMeoTuyenQuang-287_warm-1,,NaMeoTuyenQuang,287_warm,sʰou³³,sʰou³³,sʰ ou ³³,,Hsiu2015,,
NaMeoTuyenQuang-288_water-1,,NaMeoTuyenQuang,288_water,u⁵³,u⁵³,u ⁵³,,Hsiu2015,,
NaMeoTuyenQuang-289_weexcl-1,,NaMeoTuyenQuang,289_weexcl,pa³³va⁵³ni³⁵,pa³³va⁵³ni³⁵,p a ³³ + v a ⁵³ + n i ³⁵,,Hsiu2015,,
Zhenmin-290_weincl-1,,Zhenmin,290_weincl,pe³³/1,pe³³,p e ³³,,Chen2013,,
NorthernQiandong-290_weincl-1,,NorthernQiandong,290_weincl,pi³³,pi³³,p i ³³,,Chen2013,,
WesternQiandong-290_weincl-1,,WesternQiandong,290_weincl,poi⁴⁴seɯ³³,poi⁴⁴seɯ³³,p oi ⁴⁴ + s eɯ ³³,,Chen2013,,
Baixing-290_weincl-1,,Baixing,290_weincl,pue⁴⁴/1,pue⁴⁴,p u e ⁴⁴,,Li2000,,
SouthernQiandong-290_weincl-1,,SouthernQiandong,290_weincl,pai¹³,pai¹³,p ai ¹³,,Chen2013,,
Datu-290_weincl-1,,Datu,290_weincl,pe²⁴/1,pe²⁴,p e ²⁴,,Li2000,,
Xiangao-290_weincl-1,,Xiangao,290_weincl,pei³³/1,pei³³,p e i ³³,,Li2000,,
NaMeoCaoBang-290_weincl-1,,NaMeoCaoBang,290_weincl,mi³³pɑi³³,mi³³pɑi³³,m i ³³ + p ɑi ³³,,Edmondson2001,,
Yangpai-290_weincl-1,,Yangpai,290_weincl,pi³³/1,pi³³,p i ³³,,Li2000,,
EasternQiandong-290_weincl-1,,EasternQiandong,290_weincl,pɛ²⁴,pɛ²⁴,p ɛ ²⁴,,Chen2013,,
NaMeoTuyenQuang-290_weincl-1,,NaMeoTuyenQuang,290_weincl,mi³³pai⁵³,mi³³pai⁵³,m i ³³ + p ai ⁵³,,Hsiu2015,,
NaMeoTuyenQuang-291_weak-1,,NaMeoTuyenQuang,291_weak,ma³³ʔaŋ²²,ma³³ʔaŋ²²,m a ³³ + ʔ a ŋ ²²,,Hsiu2015,,
NaMeoTuyenQuang-292_wet-1,,NaMeoTuyenQuang,292_wet,sʰou¹¹,sʰou¹¹,sʰ ou ¹¹,,Hsiu2015,,
NaMeoTuyenQuang-293_what-1,,NaMeoTuyenQuang,293_what,ȵu⁵³,ȵu⁵³,ȵ u ⁵³,,Hsiu2015,,
NaMeoTuyenQuang-294_wheat-1,,NaMeoTuyenQuang,294_wheat,nai³³,nai³³,n ai ³³,,Hsiu2015,,
NaMeoTuyenQuang-295_when-1,,NaMeoTuyenQuang,295_when,sai⁵⁵te³³,sai⁵⁵te³³,s ai ⁵⁵ + t e ³³,,Hsiu2015,,
NaMeoTuyenQuang-296_where-1,,NaMeoTuyenQuang,296_where,qa³³te⁵⁵,qa³³te⁵⁵,q a ³³ + t e ⁵⁵,,Hsiu2015,,
NaMeoTuyenQuang-297_which-1,,NaMeoTuyenQuang,297_which,nɔ⁵³,nɔ⁵³,n ɔ ⁵³,,Hsiu2015,,
Zhenmin-298_white-1,,Zhenmin,298_white,ɬɒ³³/1,ɬɒ³³,ɬ ɒ ³³,,Chen2013,,
NorthernQiandong-298_white-1,,NorthernQiandong,298_white,ɬu³³,ɬu³³,ɬ u ³³,,Chen2013,,
WesternQiandong-298_white-1,,WesternQiandong,298_white,ɬo⁴⁴,ɬo⁴⁴,ɬ o ⁴⁴,,Chen2013,,
Baixing-298_white-1,,Baixing,298_white,ɬo⁴⁴/1,ɬo⁴⁴,ɬ o ⁴⁴,,Li2000,,
SouthernQiandong-298_white-1,,SouthernQiandong,298_white,tɬa¹³,tɬa¹³,tɬ a ¹³,,Chen2013,,
Datu-298_white-1,,Datu,298_white,ɬou²⁴/1,ɬou²⁴,ɬ ou ²⁴,,Li2000,,
Xiangao-298_white-1,,Xiangao,298_white,ɬau³³/1,ɬau³³,ɬ a u ³³,,Li2000,,
NaMeoCaoBang-298_white-1,,NaMeoCaoBang,298_white,ɬjɔ³¹,ɬjɔ³¹,ɬ j ɔ ³¹,,Edmondson2001,,
Yangpai-298_white-1,,Yangpai,298_white,ɬɤu³³/1,ɬɤu³³,ɬ ɤ u ³³,,Li2000,,
EasternQiandong-298_white-1,,EasternQiandong,298_white,so²⁴,so²⁴,s o ²⁴,,Chen2013,,
NaMeoTuyenQuang-298_white-1,,NaMeoTuyenQuang,298_white,ɬɔ⁵³,ɬɔ⁵³,ɬ ɔ ⁵³,,Hsiu2015,,
NaMeoTuyenQuang-299_who-1,,NaMeoTuyenQuang,299_who,qu³³tɕai⁵⁵,qu³³tɕai⁵⁵,q u ³³ + tɕ ai ⁵⁵,,Hsiu2015,,
Zhenmin-300_wide-1,,Zhenmin,300_wide,feŋ³⁵/3,feŋ³⁵,f e ŋ ³⁵,,Chen2013,,
NorthernQiandong-300_wide-1,,NorthernQiandong,300_wide,faŋ³⁵,faŋ³⁵,f a ŋ ³⁵,,Chen2013,,
WesternQiandong-300_wide-1,,WesternQiandong,300_wide,kuæ̃¹³,kuæ̃¹³,k u æ̃ ¹³,,Chen2013,,
Baixing-300_wide-1,,Baixing,300_wide,kwɛ¹³/3,kwɛ¹³,kʷ ɛ ¹³,,Li2000,,
SouthernQiandong-300_wide-1,,SouthernQiandong,300_wide,kwen⁵³,kwen⁵³,kʷ e n ⁵³,,Chen2013,,
Datu-300_wide-1,,Datu,300_wide,fɑŋ³³/1,fɑŋ³³,f ɑ ŋ ³³,,Li2000,,
Xiangao-300_wide-1,,Xiangao,300_wide,fan²²/3,fan²²,f a n ²²,,Li2000,,
NaMeoCaoBang-300_wide-1,,NaMeoCaoBang,300_wide,kuɑn³⁵,kuɑn³⁵,k u ɑ n ³⁵,,Edmondson2001,,
Yangpai-300_wide-1,,Yangpai,300_wide,fɑ⁴⁴/3,fɑ⁴⁴,f ɑ ⁴⁴,,Li2000,,
Guncen-300_wide-1,,Guncen,300_wide,"fəŋ3,
qʰoŋ5loŋ6",fəŋ3,f ə ŋ ³,,Committee2008,,
EasternQiandong-300_wide-1,,EasternQiandong,300_wide,fan³³,fan³³,f a n ³³,,Chen2013,,
NaMeoTuyenQuang-300_wide-1,,NaMeoTuyenQuang,300_wide,quŋ³³,quŋ³³,q u ŋ ³³,,Hsiu2015,,
NaMeoTuyenQuang-301_wife-1,,NaMeoTuyenQuang,301_wife,vai³³,vai³³,v ai ³³,,Hsiu2015,,
NaMeoTuyenQuang-302_wind-1,,NaMeoTuyenQuang,302_wind,qhɔ³³tɕi³⁵,qhɔ³³tɕi³⁵,qʰ ɔ ³³ + tɕ i ³⁵,,Hsiu2015,,
NaMeoTuyenQuang-303_window-1,,NaMeoTuyenQuang,303_window,tin⁵³tan³³,tin⁵³tan³³,t i n ⁵³ + t a n ³³,,Hsiu2015,,
NaMeoTuyenQuang-304_wing-1,,NaMeoTuyenQuang,304_wing,təi³⁵,təi³⁵,t əi ³⁵,,Hsiu2015,,
NaMeoTuyenQuang-305_winterdryseason-1,,NaMeoTuyenQuang,305_winterdryseason,mua³³sʰaŋ⁵³,mua³³sʰaŋ⁵³,m u a ³³ + sʰ a ŋ ⁵³,,Hsiu2015,,
NaMeoTuyenQuang-306_woman-1,,NaMeoTuyenQuang,306_woman,tɕi³³vɔ³⁵,tɕi³³vɔ³⁵,tɕ i ³³ + v ɔ ³⁵,,Hsiu2015,,
NaMeoTuyenQuang-307_wood-1,,NaMeoTuyenQuang,307_wood,paŋ³³,paŋ³³,p a ŋ ³³,,Hsiu2015,,
NaMeoTuyenQuang-308_work-1,,NaMeoTuyenQuang,308_work,a³³qəu³¹,a³³qəu³¹,a ³³ + q əu ³¹,,Hsiu2015,,
NaMeoTuyenQuang-309_worm-1,,NaMeoTuyenQuang,309_worm,kin³³tɕɔŋ³¹,kin³³tɕɔŋ³¹,k i n ³³ + tɕ ɔ ŋ ³¹,,Hsiu2015,,
NaMeoTuyenQuang-310_yam-1,,NaMeoTuyenQuang,310_yam,na³³taŋ¹¹,na³³taŋ¹¹,n a ³³ + t a ŋ ¹¹,,Hsiu2015,,
NaMeoTuyenQuang-311_yawn-1,,NaMeoTuyenQuang,311_yawn,pai³³lau³⁵,pai³³lau³⁵,p ai ³³ + l a u ³⁵,,Hsiu2015,,
NaMeoTuyenQuang-312_year-1,,NaMeoTuyenQuang,312_year,ȵu³⁵,ȵu³⁵,ȵ u ³⁵,,Hsiu2015,,
Zhenmin-313_yellow-1,,Zhenmin,313_yellow,feŋ⁵³/2,feŋ⁵³,f e ŋ ⁵³,,Chen2013,,
NorthernQiandong-313_yellow-1,,NorthernQiandong,313_yellow,faŋ⁵⁵,faŋ⁵⁵,f a ŋ ⁵⁵,,Chen2013,,
WesternQiandong-313_yellow-1,,WesternQiandong,313_yellow,kuæ̃⁵⁵,kuæ̃⁵⁵,k u æ̃ ⁵⁵,,Chen2013,,
Baixing-313_yellow-1,,Baixing,313_yellow,kwɛ⁵⁵/2,kwɛ⁵⁵,kʷ ɛ ⁵⁵,,Li2000,,
SouthernQiandong-313_yellow-1,,SouthernQiandong,313_yellow,kwen³¹,kwen³¹,kʷ e n ³¹,,Chen2013,,
Datu-313_yellow-1,,Datu,313_yellow,fɑŋ²²/2,fɑŋ²²,f ɑ ŋ ²²,,Li2000,,
Xiangao-313_yellow-1,,Xiangao,313_yellow,fau⁴²/2,fau⁴²,f a u ⁴²,,Li2000,,
NaMeoCaoBang-313_yellow-1,,NaMeoCaoBang,313_yellow,kuɑn⁵³,kuɑn⁵³,k u ɑ n ⁵³,,Edmondson2001,,
Yangpai-313_yellow-1,,Yangpai,313_yellow,fɑ⁵⁵/2,fɑ⁵⁵,f ɑ ⁵⁵,,Li2000,,
EasternQiandong-313_yellow-1,,EasternQiandong,313_yellow,fan²²,fan²²,f a n ²²,,Chen2013,,
NaMeoTuyenQuang-313_yellow-1,,NaMeoTuyenQuang,313_yellow,quŋ⁵⁵,quŋ⁵⁵,q u ŋ ⁵⁵,,Hsiu2015,,
NaMeoTuyenQuang-314_young-1,,NaMeoTuyenQuang,314_young,ni⁵³,ni⁵³,n i ⁵³,,Hsiu2015,,
NaMeoTuyenQuang-315_youplural-1,,NaMeoTuyenQuang,315_youplural,tɕi³³təi⁵⁵,tɕi³³təi⁵⁵,tɕ i ³³ + t əi ⁵⁵,,Hsiu2015,,
